formal,slang
How are you today?,Hey how's it going?
I am very sorry for my error.,My bad.
Please wait a moment.,Hang on a sec.
Could you kindly assist me?,Can you help me out?
Thank you for your help.,Thanks a lot!
I have completed my assignment.,Done with my work.
It is a pleasure to meet you.,Nice to meet you!
May I take a look at this document?,Mind if I check this out?
I apologize for the inconvenience.,My bad for the inconvenience.
Could you provide more details?,Got more info?
Could you provide me with some assistance?,Can you help me out?
It is a pleasure to meet you.,It's a pleasure to meet you.
I sincerely apologize for any inconvenience caused.,Sorry for the hassle.
Please ensure that you are on time.,Make sure you're not late.
I would appreciate your feedback on this matter.,Lemme know what you think.
I will be unable to attend the meeting tomorrow.,I can't make it to the meeting tomorrow.
Could you kindly refrain from making noise?,Please stop making noise.
This matter requires immediate attention.,This needs to be dealt with ASAP.
The proposal was rejected by the committee.,The committee shot down the idea.
Your participation is highly encouraged.,You should totally join in.
Thank you for considering my request.,Thanks for thinking about it.
I am looking forward to your response.,I'm looking forward to your response.
Please do not hesitate to contact me.,Don't hesitate to contact me.
I am extremely grateful for your help.,Thanks a ton for your help!
I will need more time to complete this task.,I need extra time to finish this.
This item is currently out of stock.,We're out of it right now.
It was a pleasure working with you.,Had a great time working with you.
I am unsure of the correct approach.,I'm unsure of the correct approach.
We need to address this issue immediately.,We gotta fix this right away.
Your input is highly valued.,We really value what you think.
The event will commence at 9 AM.,The event kicks off at 9 AM.
I deeply regret my mistake.,I'm really sorry I messed up.
Could you clarify this point for me?,Can you explain this to me?
The situation is under control.,We've got it handled.
It is imperative that we follow the rules.,We've gotta stick to the rules.
Thank you for bringing this to my attention.,Thanks for letting me know.
I would like to schedule an appointment.,I wanna book a slot.
This is a significant improvement.,This is way better.
The document has been finalized.,The doc is all set.
Please verify the details before proceeding.,Check the details before you go ahead.
This is beyond my scope of expertise.,This isn't really my thing.
I am willing to assist you with this task.,I'm happy to help you with this.
I will notify you of any updates.,I'll keep you posted.
This is an exceptional opportunity.,This is an awesome chance.
Let us schedule a meeting to discuss further.,Let's set up a meeting to talk more.
I am not entirely convinced by this argument.,I'm not totally buying this.
This is the best option available.,This is the best choice.
Kindly review the attached document.,Check out the attached doc.
This issue has been resolved successfully.,We've sorted this out.
I appreciate your understanding.,Thanks for getting it.
The situation has improved considerably.,Things are way better now.
Please let me know your thoughts on this matter.,Lemme know your thoughts on this matter.
The project has been successfully completed.,We've finished the project.
Let us collaborate to find a solution.,Let's work together to fix this.
I have received your email.,Got your email.
I appreciate your patience on this matter.,Thanks for hanging in there.
Could you please elaborate on this point?,Can you tell me more about this?
I hope you are doing well.,Hope you're good.
I appreciate your assistance.,Thanks for your help!
Could you please clarify?,Can you clear this up?
I am uncertain about the outcome.,I'm uncertain about the outcome.
We must adhere to the regulations.,Gotta stick to the rules.
I am delighted to meet you.,Nice to meet ya!
Kindly provide your feedback.,Lemme know what you think.
I will handle this matter.,I'll take care of it.
It is a pleasure to see you.,Good to see ya!
We require additional information.,We need more info.
Please contact me at your earliest convenience.,Hit me up when you can.
The meeting was highly productive.,The meeting went great.
I would like to express my gratitude.,I wanna express my gratitude.
This matter requires immediate attention.,This needs to be fixed ASAP.
I apologize for the inconvenience caused.,My bad for the inconvenience caused.
Could we schedule a meeting?,Can we set up a chat?
I have forwarded the email to you.,I sent you the email.
I am not entirely convinced.,I'm not entirely convinced.
Could you elaborate on this point?,Can you explain this more?
Let us discuss this matter further.,Let's talk more about this.
The weather is quite pleasant today.,It's nice out today.
We are experiencing a technical issue.,There's a tech glitch.
Thank you for the invitation.,Thanks for inviting me!
Could you assist me with this task?,Can you help me with this?
This is an excellent opportunity.,This is a great chance.
I will notify you as soon as possible.,I'll let you know ASAP.
We encountered an unforeseen issue.,We hit a bump in the road.
Could I have your opinion on this matter?,What do you think about this?
I have no objection to your proposal.,I'm cool with it.
This requires immediate action.,We need to act on this now.
We have successfully completed the project.,We got it done!
May I join you for lunch?,Mind if I join for lunch?
Please let me know if you need further assistance.,Lemme know if you need help.
It is imperative to complete this task.,We gotta get this done.
Thank you for bringing this to my attention.,Thanks for the heads-up.
We should proceed cautiously.,Let's take it slow.
I would appreciate your guidance on this matter.,Can you help me figure this out?
Could you kindly provide your insights?,What do you think about this?
I am grateful for your understanding.,I'm grateful for your understanding.
We should revisit this topic later.,Let's talk about this later.
The weather is quite unfavorable today.,The weather sucks today.
Please let me know if you require any assistance.,Lemme know if you need help.
This issue is of paramount importance.,This is super important.
I must apologize for the inconvenience caused.,Sorry for the hassle.
I would be happy to assist you.,I'd be glad to help.
Please ensure the report is completed on time.,Make sure the report's done on time.
The decision is entirely up to you.,It's your call.
I would like to express my sincerest apologies.,I'm really sorry.
Kindly confirm your availability.,Confirm your availability.
It has been a pleasure working with you.,It's been great working with you.
Could you please be more specific?,Can you be more clear?
Let us proceed with caution.,Let's take it easy.
Thank you for bringing this to our attention.,Thanks for letting us know.
This project demands significant effort.,This project's gonna take a lot of work.
I am extremely pleased with the results.,I'm extremely pleased with the results.
Could I ask for your opinion?,What's your take on this?
Please respond at your earliest convenience.,Get back to me when you can.
It is essential that we meet this deadline.,It's essential that we meet this deadline.
We should consider alternative solutions.,Let's think of other ways to do this.
I will ensure everything is in order.,I'll make sure everything's okay.
The discussion was highly enlightening.,That chat was super helpful.
Please do not hesitate to reach out.,Don't hesitate to reach out.
This decision requires careful consideration.,We need to think this through.
I am uncertain how to proceed.,I'm uncertain how to proceed.
Thank you for your valuable input.,Thanks for your feedback.
We encountered unforeseen circumstances.,Something unexpected came up.
The service provided was highly satisfactory.,The service was great.
I am looking forward to your reply.,I'm looking forward to your reply.
This solution seems practical and efficient.,This looks like it'll work.
Could you verify this information?,Can you double-check this?
We value your continued support.,Thanks for sticking with us.
The presentation exceeded expectations.,The presentation was awesome.
I hope this clarifies your concerns.,Hope this clears things up.
I will address this matter promptly.,I'll get to this right away.
The venue was truly remarkable.,The place was amazing.
This requires further investigation.,We need to dig into this more.
It would be advisable to reconsider.,You should think about it again.
The outcome was less than satisfactory.,The result wasn't great.
Let us collaborate on this task.,Let's work on this together.
Please confirm once you receive this message.,Lemme know when you get this.
This will greatly enhance the process.,This will make things a lot better.
Your effort is greatly appreciated.,Thanks a lot for your help.
Would you like some refreshments?,Want something to drink?
I regret any inconvenience caused.,Sorry for the hassle.
I must excuse myself now.,I gotta bounce.
Please accept my apologies.,Totally my fault.
Shall we begin the meeting?,Ready to get started?
Could I trouble you for a moment?,Got a sec?
I am pleased to make your acquaintance.,I'm pleased to make your acquaintance.
I hope everything is satisfactory.,Everything okay?
It would be a pleasure to help you.,Happy to pitch in!
We should reconvene at a later date.,Let's meet up later.
I appreciate your cooperation.,Thanks for helping out.
I will keep you informed of any updates.,I'll let you know what's up.
I look forward to our next encounter.,Can't wait to see you again!
The project demands our immediate attention.,We need to jump on this ASAP.
Your presence is requested at the event.,You gotta show up to the party.
I am unable to attend the gathering.,Can't make it to the hangout.
This item is currently out of stock.,We don't have that right now.
I am delighted to inform you of our success.,Awesome news—we nailed it!
It is of utmost importance that we proceed carefully.,We really gotta watch our step here.
It was an absolute pleasure collaborating with you.,Working together was a blast!
I highly value your input.,Your two cents mean a lot.
I have no recollection of that event.,I don't remember that at all.
Let us discuss the matter further in private.,Let's talk about it offline.
He is currently preoccupied.,He's busy right now.
I believe we are in agreement.,Looks like we're on the same page.
My sincerest gratitude for your assistance.,Thanks a ton for your help!
He demonstrated exceptional skill in his work.,He crushed it at his job.
May I inquire about your progress?,How's it going so far?
Would you kindly lower your voice?,Could you keep it down?
I am thankful for the opportunity.,Thanks for the chance!
Congratulations on your well-deserved achievement.,Way to go on your win!
I do not fully comprehend the situation.,I'm totally confused.
I am most impressed by your professionalism.,I'm most impressed by your professionalism.
You are welcome to join us for dinner.,Come grab a bite with us.
Allow me to express my deepest sympathy.,I'm really sorry for what happened.
We must endeavor to find a solution posthaste.,We gotta fix this ASAP.
I take great pleasure in announcing our victory.,I'm stoked to say we won!
Would it be feasible to postpone our appointment?,Can we push back our meeting?
I noticed you were preoccupied during our discussion.,You seemed zoned out earlier.
May I request your signature on this document?,Could you sign this for me?
It appears we have reached an impasse.,We're stuck.
I look forward to hearing from you soon.,Hit me up when you can!
I am concerned about the recent developments.,I'm worried about what's going on.
You have my wholehearted support.,I've totally got your back.
We must coordinate our efforts effectively.,Let's sync up and get this done.
Thank you for considering my proposal.,Thanks for thinking about my idea.
We encourage you to participate actively.,We want you to jump right in!
Your feedback has been taken into consideration.,We've heard your thoughts.
Could you please clarify your statement?,What did you mean by that?
I believe this project holds significant potential.,I think this could be huge.
Please secure all confidential information.,Keep that secret stuff locked down.
I wish you a speedy recovery.,Get well soon!
I am grateful for your patience in this matter.,I'm grateful for your patience in this matter.
Please contact me at your earliest convenience.,Gimme a shout when you can.
This topic warrants a detailed examination.,We should totally dive deeper into this.
It is imperative that we meet the deadline.,We gotta hit that due date no matter what.
I apologize for the short notice.,My bad for the short notice.
Permit me to elaborate on the plan.,Lemme break down the idea.
Let us proceed with the necessary preparations.,Let's get ready for what's next.
Would you mind repeating that statement?,Could you say that again?
I require further explanation regarding this point.,I need more info on that.
The atmosphere here is quite pleasant.,This place has a good vibe.
I regret to inform you of the delay.,Sorry we're running late.
He has demonstrated remarkable dedication.,He's been really grinding.
She excelled in all her assignments.,She rocked all her tasks.
We anticipate a favorable outcome.,I'm betting things will turn out great.
Would you please join me in extending our thanks?,Help me give a shout-out?
I will endeavor to improve my performance.,I'll do better next time.
Your presence here has been most beneficial.,Glad you could swing by.
The circumstances necessitate urgent action.,We gotta move fast on this.
I hope you find the accommodations satisfactory.,Hope this place works for you.
Please remember to lock the door upon departure.,Don't forget to lock up when you leave.
I trust you have had ample rest.,Hope you got enough sleep.
Shall we schedule a follow-up discussion?,Should we plan to chat again?
Your assistance in this matter is greatly appreciated.,Thanks for lending a hand with this.
I must attend to another engagement immediately.,I gotta run to something else now.
We should consult our colleagues for their input.,Let's see what the others think.
Your diligence is worthy of commendation.,Props for working so hard.
I suggest we review the data one more time.,Let's check the numbers again.
It would be advantageous to collaborate.,We should team up!
I must apologize for any oversight on my part.,Sorry if I messed up.
Let us celebrate our mutual success.,Let's party cuz we did it!
Would you kindly keep the volume at a moderate level?,Turn it down a notch?
We should finalize the necessary paperwork.,Let's wrap up the docs.
He is renowned for his expertise in this field.,He's famous for knowing his stuff.
It is necessary to seek further authorization.,It's necessary to seek further authorization.
Could you ensure all participants are notified?,Make sure everyone knows.
He appears to be in a positive frame of mind.,He seems pretty chill.
I have arranged for a courier to deliver the package.,I've got someone dropping it off.
We appreciate your strict adherence to guidelines.,Thanks for sticking to the rules.
I am obligated to report this issue.,I gotta let them know about this.
We value your longstanding commitment.,Thanks for sticking around so long.
Would you like to provide any additional remarks?,Got anything else to say?
Our strategic approach must be reconsidered.,We gotta rethink our game plan.
I can attest to his exceptional character.,I can vouch that he's awesome.
She has graciously accepted our invitation.,She's cool with coming over.
Let me reiterate the significance of this matter.,Lemme reiterate the significance of this matter.
Would you mind if I join you at your table?,Mind if I sit with you?
Kindly remain in the waiting area until called.,Hang tight here until you're up.
I am grateful for the swift response.,I'm grateful for the swift response.
It is imperative that we act decisively.,We gotta make a move now.
I must verify the authenticity of this information.,I need to check if this is legit.
Please inform the entire team of this update.,Let everyone know what's new.
I hope you will accept this small token of appreciation.,Take this gift as a thank-you.
Our objective is to exceed expectations.,We wanna go above and beyond.
I apologize for the miscommunication.,My bad for the miscommunication.
He has requested an extension of the deadline.,He asked for more time.
Please outline your expectations clearly.,Spell out what you want.
Your innovative approach is quite impressive.,Your cool ideas blew me away.
I am ready to commence whenever you are.,I'm good to go when you are.
Would you consider revising your proposal?,Think you can tweak your idea?
I do not believe we have met previously.,I don't believe we have met previously.
We must allocate resources efficiently.,We gotta use our stuff wisely.
I am eagerly awaiting further instructions.,I'm waiting to hear what's next.
This outcome was entirely unforeseen.,Nobody saw that coming.
Would you kindly demonstrate the proper procedure?,Show me how to do it.
We have secured the necessary permissions.,We got the green light.
That action would not be advisable at the moment.,Probably not the best move right now.
Our team is entirely at your disposal.,We're all here for you.
I am unable to confirm that detail at this time.,I can't say for sure right now.
Your proposal aligns with our objectives.,That idea fits right in.
I must underscore the importance of accuracy.,We really need to get this right.
We should maintain a professional demeanor.,Try to keep it classy.
Please relocate these items to the storeroom.,Move this stuff to the back.
He exceeded our expectations in every respect.,He went above and beyond.
I would be grateful for your advice.,Any tips?
Kindly refrain from leaving personal items unattended.,Don't leave your stuff lying around.
I trust the results will meet our standards.,Hope it turns out okay.
It was my pleasure to be of service.,Glad I could help.
We must swiftly address this deficit.,We gotta fix this shortfall ASAP.
It is essential we obtain accurate feedback.,It's essential we obtain accurate feedback.
We look forward to a long and fruitful partnership.,Hope we keep working together for ages.
Would you prefer a virtual or in-person meeting?,You cool with an online chat or do it face-to-face?
I intend to follow up on this discussion soon.,I'll hit you up about this later.
He made a commendable effort in resolving the issue.,He gave it his all to fix it.
We have arranged for additional support.,We got some extra help coming.
Kindly make a record of all expenditures.,Keep track of all the money you spend.
Your suggestions are being implemented as we speak.,We're using your ideas right now!
I cannot attend due to prior obligations.,I can't attend due to prior obligations.
May I inquire about your recent travels?,Where've you been lately?
We must finalize the budget by tomorrow.,We gotta lock down the budget by tomorrow.
Your patience throughout this process is greatly appreciated.,Thanks for sticking it out.
I am unable to divulge that information.,I'm unable to divulge that information.
Let us proceed with caution.,Let's be careful about this.
Thank you for allowing me to express my views.,Thanks for letting me speak my mind.
We aspire to set a higher standard of excellence.,We're aiming to raise the bar.
It is unwise to ignore the signs presented.,Don't just blow off the warnings.
He has made substantial progress since last month.,He's come a long way since last month.
Do you require any additional resources?,Need anything else?
We appreciate your proactive initiative.,Nice move taking the lead!
I would advise reviewing the instructions thoroughly.,Better read the directions carefully.
I am honored to be part of this initiative.,Psyched to be on board!
Your cooperation would be most beneficial.,We could really use your help.
Let us ensure our goals are clearly defined.,Let's be crystal clear on what we want.
I sincerely hope for your swift return.,Can't wait till you're back!
Your presence brightens the atmosphere.,You really light up the room!
I stand by my earlier recommendation.,I'm sticking to what I said.
Would you mind if we revisit this topic later?,Can we talk about this again sometime?
Please avoid any further delays.,Don't stall anymore.
I am prepared to negotiate reasonable terms.,I'm down to cut a deal.
He has submitted all the necessary forms.,He turned in all the paperwork.
We advise maintaining open communication channels.,Let's keep talking.
I suggest we compare these figures carefully.,Let's line up these numbers side by side.
Our next objective is to secure additional funding.,We gotta get more cash next.
I apologize if there was a misunderstanding.,My bad if there was a misunderstanding.
I recommend we seek professional counsel.,Let's bring in an expert.
Your achievements deserve recognition.,You should get props for that.
I trust you will act in good faith.,I'm sure you'll do the right thing.
We must ensure compliance with the regulations.,We gotta stick to the rules.
Allow me to rephrase for clarity.,Lemme put it in simpler words.
Shall we move forward with the final decision?,We doing this or what?
Your expertise is essential to our success.,We really need your smarts.
We will allocate time for a formal Q&A session.,We'll have a Q&A later.
He agreed to attend on short notice.,He said yes last minute.
Our primary objective is customer satisfaction.,We just wanna make people happy.
She exhibited outstanding problem-solving skills.,She was great at sorting stuff out.
Would you be amenable to an earlier appointment?,Is it cool if we meet sooner?
I cannot thank you enough for your generosity.,I owe you big time!
We encourage you to share your perspective.,Speak up and let us know.
She provided a comprehensive overview of the issue.,She gave the full scoop.
We expect to finalize the report shortly.,We'll wrap up the report soon.
Kindly remind me of the meeting details.,Can you gimme the meetup info again?
I appreciate the candid feedback.,Thanks for being straight with me.
We remain optimistic about the outcome.,We're still feeling good about this.
Please take all necessary precautions.,Be careful out there.
We believe this improvement will have substantial impact.,This change will be huge.
He holds a senior position within the organization.,He's pretty high up in the company.
I apologize for the oversight in scheduling.,My bad for the oversight in scheduling.
Would it inconvenience you to review the draft?,Mind taking a quick look at this?
It has been an honor working alongside you.,It's been awesome teaming up!
We respect your right to privacy.,We won't pry into your personal stuff.
Your request for a transfer is under review.,They're checking out your request to move.
I look forward to your suggestions.,Can't wait to hear your ideas.
Please follow the instructions meticulously.,Make sure you do exactly what's asked.
She is aware of the potential risks involved.,She knows there's some danger.
The board has approved our proposal.,The top brass said it's cool.
We are currently experiencing a high volume of requests.,We're swamped right now.
Would you like to be included in the email thread?,Should I loop you in via email?
I express my sincere condolences for your loss.,I'm really sorry to hear that.
I regret the confusion this may have caused.,Sorry for the mixed signals.
We will endeavor to expedite the process.,We'll speed things up for you.
She is a valuable member of our team.,She's a real MVP.
This conclusion is supported by substantial evidence.,We've got a ton of proof for this.
May I offer you some refreshments?,Want a drink or something?
We shall need to reschedule the interview.,We gotta move the interview date.
I appreciate your clarity and brevity.,Thanks for keeping it short and sweet.
He will verify all the statistics before final approval.,He'll double-check the numbers first.
We anticipate a significant increase in revenue.,We're expecting a big bump in cash.
Thank you for entrusting us with this responsibility.,Thanks for entrusting us with this responsibility.
Your efficiency has made a notable difference.,You made things way easier.
It was fortuitous that we discovered the error early.,Good thing we caught that mistake quickly.
Please notify me of any urgent developments.,Hit me up if something big goes down.
Let us strive for continuous improvement.,We gotta keep getting better.
I would gladly welcome any advice you can share.,Got any tips for me?
The matter is still under investigation.,We're still checking it out.
We aim to deliver exceptional service.,We wanna do an awesome job.
I must check with my superior before deciding.,I gotta run it by my boss.
We greatly value your timely response.,Thanks for getting back to us so quickly.
This document requires a thorough review.,You gotta look this over carefully.
He has voiced concerns about the current approach.,He said he's worried about how we're doing it.
I will make every effort to accommodate you.,I'll do what I can to help.
Your dedication is an inspiration to everyone.,You're seriously inspiring!
It is in our best interest to cooperate fully.,It's in our best interest to cooperate fully.
We need to ensure a smooth transition.,Let's make this switch easy.
She will handle the distribution of resources.,She'll pass out all the stuff.
He admitted to making a grave mistake.,He confessed that he really messed up.
We are in the process of evaluating the situation.,We're checking things out now.
I appreciate your objective viewpoint.,Thanks for being neutral about this.
The final decision rests with upper management.,The big bosses will decide.
We sincerely regret any discomfort caused.,Sorry if that freaked you out.
I will proceed in accordance with your instructions.,I'll do what you said.
Your success story is truly remarkable.,That's an awesome comeback!
It would be best if we discuss this privately.,Let's talk one-on-one.
He has been instrumental in our growth.,He's been key to us getting bigger.
I apologize for not meeting your expectations.,My bad for not meeting your expectations.
Let us allocate time to address these issues.,We'll set aside a bit of time to fix this.
Your presence would greatly enhance the event.,It'd be awesome if you came.
I will do my utmost to expedite the resolution.,I'll hustle to wrap this up.
We are fortunate to have such supportive patrons.,We're lucky our backers are so cool.
Please consider the long-term implications.,Think about how this'll play out down the road.
She efficiently managed the entire operation.,She ran the show like a boss.
We trust this update resolves the pending issues.,Hope this clears everything up.
It is my pleasure to provide further assistance.,It's my pleasure to provide further assistance.
I shall make a note of your suggestion.,I'll jot that down.
We need to refine our approach to achieve better results.,We gotta tweak our method for better outcomes.
Thank you for graciously accommodating our request.,Thanks for fitting us in.
The product launch will commence shortly.,We're gonna kick off the launch soon.
I am certain we will find a mutually beneficial solution.,I'm certain we will find a mutually beneficial solution.
We appreciate your honesty regarding the issue.,Thanks for keeping it real about the problem.
It was lovely speaking with you today.,Great chat we had!
This communication should be treated with discretion.,Keep this on the down-low.
We are presently awaiting further instructions.,We're waiting to hear what's next.
She has demonstrated unwavering commitment.,She's never flaked.
Your timely action has prevented further complications.,You stepped in just in time!
I thank you for considering our perspective.,Thanks for hearing us out.
Please follow the outlined protocol precisely.,Stick to the plan exactly.
We strive to foster an environment of inclusion.,We want everyone to feel welcome.
Let us finalize this arrangement at your earliest convenience.,Let's lock this in when you're ready.
Your assistance has been invaluable.,We couldn't have done it without you.
We will supply all the necessary provisions.,We'll get you everything you need.
I am eager to hear your final verdict.,I'm eager to hear your final verdict.
We maintain a strict zero-tolerance policy.,We don't put up with that at all.
I would prefer a more detailed explanation.,I'd like you to break it down more.
He handled the negotiations tactfully.,He worked the deal like a pro.
Your consistent support has propelled our success.,You've really helped us level up!
I cannot adequately express my gratitude.,Words can't say how thankful I'm.
Your efforts have not gone unnoticed.,We see the work you're putting in.
We will refrain from further discussion until clarity is provided.,We'll hold off until we know more.
I must remind you of the upcoming deadline.,Don't forget it's due soon!
She carefully documented every step of the process.,She wrote down everything.
Thank you for the opportunity to collaborate.,Thanks for letting me work with you.
We should remain objective when analyzing the data.,Let's stay cool-headed looking at the numbers.
Let us uphold the highest standards of conduct.,We need to keep it professional.
I appreciate your willingness to adapt.,Thanks for rolling with the changes.
Please inform me of any immediate changes.,Lemme know if anything big happens right away.
He submitted the application well before the due date.,He got the forms in way early.
We should adhere to the recommended guidelines.,Let's do what they said to do.
I will provide assistance should the need arise.,I'll help you out if you need it.
Her expertise proved indispensable.,We couldn't have done it without her know-how.
We must not overlook the potential consequences.,Don't sleep on the risks.
Thank you for your unwavering dedication.,Thanks for sticking with us all the way.
I invite you to share your concerns freely.,Go ahead and speak your mind.
This timeline is subject to change based on new information.,We'll shift things around if something new pops up.
He has graciously offered to volunteer his services.,He said he'll pitch in for free.
I appreciate your discreet handling of this matter.,Thanks for being cool about it.
We are optimistic about forming a long-term collaboration.,We hope to keep working together for a while.
Your references attest to your strong professional reputation.,Your refs say you're awesome.
Let us maintain open dialogue throughout the project.,Keep talking to each other while we do this.
We thank you for your attention to this announcement.,Thanks for hearing us out.
I anticipate a promising outcome in due course.,I think it'll turn out fine eventually.
Would you like me to confirm the reservation on your behalf?,Want me to book it for you?
It has been a pleasure sharing this experience with you.,Loved doing this with you!
May I request your presence at the meeting,Join the meeting
I regret any inconvenience caused by this situation,Sorry for the hassle
Could you please provide the necessary documents,Can you send the papers
I appreciate your cooperation and understanding,Thanks for your help
It would be my pleasure to assist you,Happy to help
Please ensure all reports are submitted on time,Turn in reports by deadline
I am writing to inquire about your services,I'm writing to inquire about your services
We must adhere to the established guidelines,Follow the rules
Thank you for your prompt response,Thanks for replying quickly
I would like to schedule a meeting,I wanna schedule a meeting
Please be advised of the upcoming changes,Heads up about changes
I am confident in your abilities,I'm confident in your abilities
Could you kindly review the attached file,Check the attached file
I apologize for any misunderstanding,My bad for any misunderstanding
We are pleased to announce our new policy,Exciting news about our policy
I look forward to our collaboration,Can't wait to work together
Please refrain from using inappropriate language,Watch your language
Thank you for your continued support,Thanks for your support
I would appreciate your feedback,Lemme know your thoughts
Could you assist with this task,Can you help me out
I am unable to attend the event,Can't make it to the event
Please confirm your availability,Confirm your availability
We must address this issue promptly,Let's fix this quickly
I am grateful for your assistance,I'm grateful for your assistance
Could you expedite the process,Can you speed this up
Thank you for your understanding,Thanks for getting it
I would like to extend an invitation,I wanna extend an invitation
Please ensure compliance with regulations,Follow the rules
I apologize for the delay,My bad for the delay
We are committed to excellence,We strive for the best
Could you provide an update,What's the latest
Thank you for your patience,Thanks for waiting
I am pleased with the results,I'm pleased with the results
Please maintain confidentiality,Maintain confidentiality
We value your input,Your ideas matter
Could you handle the arrangements,Can you set it up
Thank you for your hard work,Great job
I would like to discuss further,I wanna discuss further
Please follow the instructions,Stick to the instructions
We should reconvene later,Let's meet up later
I appreciate your prompt attention,Thanks for handling this quickly
Could you clarify your statement,What did you mean
Thank you for your cooperation,Thanks for cooperating
I apologize for any oversight,My bad for any oversight
We are excited about the project,Can't wait for the project
I would like to request a favor,I wanna request a favor
We must remain vigilant,Stay alert
I appreciate your dedication,Thanks for your dedication
Could you assist with the onboarding,Help with onboarding
Thank you for your valuable insights,Thanks for your ideas
We are pleased with your performance,Good job
I would like to request additional resources,I wanna request additional resources
Please adhere to the dress code,Follow the dress code
We must uphold our standards,Keep our standards
I appreciate your timely response,Thanks for replying quickly
Could you arrange a call,Set up a call
I regret any inconvenience caused,Sorry for the hassle
We are pleased with your contribution,Good contribution
I would like to express my gratitude,I wanna express my gratitude
Please ensure all equipment is functional,Make sure equipment works
We must comply with the new regulations,Follow the new rules
I appreciate your continued dedication,Thanks for sticking with us
Could you manage the schedule,Handle the schedule
Thank you for your excellent work,Great work
I apologize for the oversight,My bad for the oversight
We are committed to your success,We want you to succeed
I would like to offer my assistance,I wanna offer my assistance
Please follow up on this matter,Handle this issue
We must prioritize this task,Make this task top priority
I appreciate your prompt action,Thanks for acting quickly
Could you oversee the project,Manage the project
Thank you for your reliable support,Thanks for your support
I regret to inform you,My bad to say
We are excited to welcome you,Glad to have you join
I would like to request a meeting,I wanna request a meeting
Please be advised of the changes,Heads up about changes
We must uphold our commitments,Keep our commitments
I appreciate your swift response,Thanks for the quick reply
Could you assist with the logistics,Help with logistics
I apologize for any confusion,My bad for any confusion
We are pleased with your initiative,Good initiative
I would like to discuss the next steps,I wanna discuss the next steps
Please adhere to the agenda,Follow the agenda
We must collaborate effectively,Work together well
I appreciate your efforts,Thanks for your efforts
Could you assist with the report,Help with the report
Thank you for your reliability,Thanks for your reliability
I apologize for the delay,My bad for the delay
We are committed to your growth,We support your growth
I would like to request a meeting time,I wanna request a meeting time
Please ensure all data is accurate,Make sure data is correct
We must address this promptly,Fix this quickly
I appreciate your support,Thanks for your support
Could you handle the documentation,Take care of the paperwork
We are pleased with your performance,Good performance
I would like to discuss the details,I wanna discuss the details
Please adhere to the deadlines,Meet the deadlines
We must stay on track,Stay on track
I appreciate your cooperation,Thanks for cooperating
Could you assist with the scheduling,Help with scheduling
Thank you for your dedication and hard work,Thanks for working hard
I apologize for the inconvenience,My bad for the inconvenience
We are committed to excellence,We strive for excellence
I would like to request your input,Lemme know your input
Please ensure all tasks are done,Finish all tasks
We must work efficiently,Work efficiently
Could you manage the project timeline,Handle the timeline
I apologize for any delays,My bad for any delays
We are pleased with your efforts,Good efforts
I would like to discuss the project,I wanna discuss the project
Please adhere to the guidelines,Follow the guidelines
We must maintain focus,Stay focused
I appreciate your assistance,Thanks for your help
Could you assist with the follow-up,Help with the follow-up
We are committed to improvement,We keep improving
I would like to request a review,I wanna request a review
Please ensure all information is correct,Make sure info is correct
We must address this now,Fix this now
Could you handle the reports,Take care of the reports
I apologize for any inconvenience,My bad for any inconvenience
I regret any inconvenience caused by the update,Sorry about the update
We must adhere to the company's policies,Follow the company rules
I appreciate your understanding and patience,Thanks for understanding and waiting
Could you please provide a status update,What's the status
I apologize for any oversight in the report,My bad for any oversight in the report
We are committed to maintaining high standards,We keep high standards
I would like to request your presence at the seminar,I wanna request your presence at the seminar
Please ensure all meetings are scheduled appropriately,Schedule meetings correctly
We must address this matter urgently,Fix this urgently
I appreciate your prompt response to the inquiry,Thanks for replying quickly
Could you assist with the client onboarding,Help with onboarding clients
Thank you for your dedication to the project,Thanks for dedicating to the project
I apologize for any inconvenience caused by the change,My bad for any inconvenience caused by the change
We are pleased with the project's progress,Good progress on the project
I would like to discuss the budget allocation,I wanna discuss the budget allocation
Please adhere to the communication protocols,Follow communication rules
We must uphold our commitment to quality,Keep our quality commitment
I appreciate your continuous support,Thanks for your ongoing support
Could you handle the event arrangements,Take care of event plans
I apologize for any confusion caused by the email,My bad for any confusion caused by the email
We are committed to delivering on our promises,We keep our promises
I would like to request additional information,I wanna request additional information
Please ensure all data is backed up,Backup all data
We must resolve this issue immediately,Fix this issue now
I appreciate your proactive approach,Thanks for being proactive
Could you assist with the financial report,Help with the financial report
I apologize for any inconvenience caused by my absence,My bad for any inconvenience caused by my absence
We are pleased with your timely submissions,Good submissions on time
I would like to discuss the upcoming deadlines,I wanna discuss the upcoming deadlines
Please adhere to the safety guidelines,Follow safety rules
We must maintain open communication,Keep communication open
I appreciate your willingness to assist,Thanks for being willing
Could you handle the client presentations,Take care of presentations
Thank you for your reliable contributions,Thanks for your reliable help
I apologize for any delays in the project,My bad for any delays in the project
We are committed to fostering teamwork,We build teamwork
I would like to request a performance review,I wanna request a performance review
Please ensure all equipment is properly maintained,Maintain all equipment
We must address the concerns immediately,Fix concerns right away
I appreciate your hard work on this,Thanks for working hard on this
Could you assist with the data analysis,Help with data analysis
I apologize for any inconvenience caused by the scheduling,My bad for any inconvenience caused by the scheduling
We are pleased with your strategic input,Good strategic input
I would like to discuss the project's objectives,I wanna discuss the project's objectives
Please adhere to the project scope,Follow the project scope
We must uphold our ethical standards,Keep our ethical standards
I appreciate your swift handling of the task,Thanks for handling it quickly
Could you handle the vendor negotiations,Take care of negotiations
Thank you for your dedicated efforts,Thanks for your efforts
I apologize for any misunderstanding in the meeting,My bad for any misunderstanding in the meeting
We are committed to enhancing our services,We improve our services
I would like to request your participation,I wanna request your participation
Please ensure all communications are documented,Document all communications
We must address this issue without delay,Fix this without delay
I appreciate your thoroughness,Thanks for being thorough
Could you assist with the project documentation,Help with project docs
I apologize for any inconvenience caused by the oversight,My bad for any inconvenience caused by the oversight
We are pleased with the team's performance,Good team performance
I would like to discuss the resource allocation,I wanna discuss the resource allocation
Please adhere to the reporting guidelines,Follow reporting rules
We must maintain our operational standards,Keep operational standards
I appreciate your continuous dedication,Thanks for sticking with it
Could you handle the client feedback,Take care of feedback
I apologize for any delays in response,My bad for any delays in response
We are committed to sustaining our quality,We sustain our quality
I would like to request a status meeting,I wanna request a status meeting
Please ensure all tasks are aligned,Align all tasks
We must address the issue proactively,Fix the issue proactively
I appreciate your willingness to adapt,Thanks for adapting
Could you assist with the onboarding process,Help with onboarding
I apologize for any inconvenience caused by the reschedule,My bad for any inconvenience caused by the reschedule
We are pleased with your adaptability,Good adaptability
I would like to discuss the upcoming initiatives,I wanna discuss the upcoming initiatives
Please adhere to the company's standards,Follow company standards
We must uphold our commitment,Keep our commitment
I appreciate your prompt handling of the matter,Thanks for handling it quickly
Could you handle the project logistics,Take care of logistics
Thank you for your dedicated support,Thanks for your support
I apologize for any confusion caused by the update,My bad for any confusion caused by the update
We are committed to achieving excellence,We aim for excellence
I would like to request your feedback,Lemme know your feedback
Please ensure all information is updated,Update all information
We must address this with urgency,Fix this urgently
I appreciate your hard work and dedication,Thanks for working hard and dedicating
Could you assist with the financial planning,Help with financial planning
I apologize for any inconvenience caused by the delay,My bad for any inconvenience caused by the delay
We are pleased with your timely responses,Good timely responses
I would like to discuss the project's progress,I wanna discuss the project's progress
Please adhere to the company's policies,Follow company policies
We must maintain our focus,Stay focused
I appreciate your assistance with the task,Thanks for helping with the task
Could you assist with the follow-up actions,Help with follow-up actions
Thank you for your reliable efforts,Thanks for your efforts
I apologize for the oversight in the documentation,My bad for the oversight in the documentation
We are committed to improving our processes,We improve our processes
I would like to request a project update,I wanna request a project update
Please ensure all data is verified,Verify all data
I appreciate your dedication to the team,Thanks for your dedication
Could you handle the project reports,Take care of project reports
I apologize for any inconvenience caused by the error,My bad for any inconvenience caused by the error
We are pleased with your leadership,Good leadership
I would like to discuss the budget,I wanna discuss the budget
Please adhere to the communication standards,Follow communication standards
We must uphold our commitments to clients,Keep our client commitments
I appreciate your prompt response,Thanks for the quick reply
I apologize for any confusion caused by the instructions,My bad for any confusion caused by the instructions
We are committed to maintaining quality,We keep quality high
I would like to request your presence,I wanna request your presence
Please ensure all meetings are properly scheduled,Schedule meetings properly
We must address this matter promptly,Fix this quickly
I appreciate your ongoing support,Thanks for your support
Could you handle the follow-up tasks,Take care of follow-up tasks
Thank you for your hard work and dedication,Thanks for working hard and dedicating
I would like to discuss the project timeline,I wanna discuss the project timeline
Please adhere to the project's guidelines,Follow the project guidelines
We must maintain our standards,Keep our standards
I appreciate your assistance with the project,Thanks for helping with the project
Could you assist with the project follow-up,Help with project follow-up
I apologize for the delay in processing,My bad for the delay in processing
We are committed to your professional growth,We support your growth
I would like to request a project review,I wanna request a project review
Please ensure all documents are updated,Update all documents
We must address this issue immediately,Fix this issue now
I appreciate your dedication to excellence,Thanks for dedicating to excellence
We are committed to delivering quality,We deliver quality
We must resolve this issue promptly,Fix this quickly
I appreciate your swift response to the inquiry,Thanks for replying quickly
Could you assist with this task,Can you help with this
Please ensure all tasks are completed,Finish all tasks
We are looking forward to your arrival,Can't wait for you to arrive
I appreciate your timely response,Thanks for responding quickly
I regret any inconvenience caused,Sorry for the inconvenience
Please ensure all information is accurate,Check all info
We must address this immediately,Fix this now
I appreciate your quick response,Thanks for responding fast
Could you assist with the documentation,Help with paperwork
We are committed to timely delivery,We deliver on time
I would like to discuss your feedback,I wanna discuss your feedback
Please adhere to the safety protocols,Follow safety rules
We must work together on this,Let's collaborate on this
I appreciate your understanding,Thanks for understanding
Could you handle the client inquiries,Take care of client questions
Thank you for your attention to detail,Thanks for being thorough
I apologize for the inconvenience,My bad for the inconvenience
I would like to request a day off,I wanna request a day off
Please ensure all deadlines are met,Meet all deadlines
We must stay focused on our goals,Stay focused on goals
Could you provide further clarification,Can you explain more
We are excited about the upcoming event,Can't wait for the event
Please adhere to the meeting agenda,Follow the agenda
We must maintain our professionalism,Stay professional
I appreciate your willingness to help,Thanks for being willing
Could you assist with the project plan,Help with the plan
I apologize for any mistakes,My bad for any mistakes
We are committed to quality assurance,We ensure quality
Please ensure all files are updated,Update all files
We must resolve this issue quickly,Fix this quickly
I appreciate your timely submission,Thanks for submitting on time
Could you handle the follow-up,Take care of the follow-up
Thank you for your dedication,Thanks for your dedication
I apologize for any inconvenience caused,My bad for any inconvenience caused
We are pleased with your progress,Good progress
I would like to discuss the timeline,I wanna discuss the timeline
Please adhere to the communication guidelines,Follow the communication rules
We are committed to continuous improvement,We keep improving
I would like to request an extension,I wanna request an extension
Please ensure all communications are clear,Keep communications clear
We must adhere to the project scope,Stick to the scope
I appreciate your attention to this matter,Thanks for handling this
Could you manage the client meetings,Handle client meetings
I apologize for any inconvenience,My bad for any inconvenience
I would like to discuss the objectives,I wanna discuss the objectives
Please adhere to the project guidelines,Follow the guidelines
We must maintain high standards,Keep high standards
I appreciate your quick response,Thanks for the quick reply
We are committed to your development,We support your growth
Please submit your report by end of day,Send your report by EOD
I would appreciate your timely response,Hit me back soon
We are pleased to inform you,Good news for you
Kindly review the attached document,Check out the attached doc
Could you assist with this project,Can you help with this project
I regret to inform you,Sorry to say
Please be advised of the meeting,Heads up about the meeting
We value your input,Your input matters
I am writing to request,I'm writing to request
Please ensure compliance with policies,Follow the policies
I would like to discuss your performance,I wanna discuss your performance
Please complete the assigned tasks,Finish the tasks
We must adhere to guidelines,Follow the guidelines
Could you provide an update,What's the update
Thank you for your understanding,Thanks for understanding
Please attend the scheduled meeting,Join the meeting
We are committed to excellence,We aim for excellence
I would like to request a meeting,I wanna request a meeting
Please review the following points,Check these points
Thank you for your prompt response,Thanks for the quick reply
I would like to offer assistance,I wanna offer assistance
Thank you for your valuable insights,Thanks for your insights
Please maintain confidentiality,Maintain confidentiality
I would like to commend your work,I wanna commend your work
I regret to inform you of the change,Sorry about the change
I appreciate your cooperation and patience,Thanks for cooperating and waiting
Thank you for your exceptional service,Great service
Please follow the established protocols,Stick to the protocols
Thank you for your continuous support,Thanks for your ongoing support
I regret any inconvenience caused,Sorry for the trouble
Please attend the briefing session,Join the briefing
I apologize for the delay in response,My bad for the delay in response
We are pleased with your contributions,Good contributions
I would like to discuss the upcoming project,I wanna discuss the upcoming project
Thank you for your hard work and dedication,Thanks for working hard
I regret any inconvenience caused by the delay,Sorry for the delay trouble
I would like to offer my support,I wanna offer my support
Thank you for your proactive approach,Thanks for being proactive
I apologize for any confusion caused,My bad for any confusion caused
I would like to commend your efforts,I wanna commend your efforts
Thank you for your prompt attention,Thanks for handling this quickly
I regret any inconvenience caused by the change,Sorry for the change trouble
I appreciate your dedication to the team,Thanks for dedicating to the team
We must address the issue urgently,Fix it urgently
Thank you for your continued dedication,Thanks for sticking with us
I apologize for the oversight in the report,My bad for the oversight in the report
I would like to discuss your career development,I wanna discuss your career development
Thank you for your meticulous attention to detail,Thanks for being so detail-oriented
Could you please refresh the inventory list,Can you refresh the inventory
Please follow the project timeline,Stick to the schedule
We must uphold our ethical standards,Keep our ethics
Thank you for your reliable performance,Thanks for being reliable
I apologize for any inconvenience caused by the technical issues,My bad for any inconvenience caused by the technical issues
Please ensure all reports are accurate,Make sure reports are correct
We are committed to fostering innovation,We're all about being innovative
I would like to discuss the project's success metrics,I wanna discuss the project's success metrics
Thank you for your exceptional dedication,Thanks for being so dedicated
I regret any inconvenience caused by the policy update,Sorry for the policy trouble
Could you handle the client relations,Can you handle client relations
Please adhere to the confidentiality agreement,Adhere to the confidentiality agreement
We must remain focused on our objectives,Stay focused on goals
I would like to request feedback on the recent changes,I wanna request feedback on the recent changes
Thank you for your consistent performance,Thanks for always performing well
I apologize for any inconvenience caused by the rescheduling,My bad for any inconvenience caused by the rescheduling
We are committed to reducing operational costs,We're cutting costs
I would like to discuss your recent achievements,I wanna discuss your recent achievements
Thank you for your effective leadership,Thanks for leading well
I regret any inconvenience caused by the system outage,Sorry the system was down
Could you manage the team's workload,Handle the team's tasks
Please adhere to the reporting guidelines,Follow the reporting rules
We must prioritize this issue,Make this a priority
I would like to offer my assistance with the task,I wanna offer my assistance with the task
Thank you for your strategic insights,Thanks for your smart ideas
I apologize for any delays in the shipment,My bad for any delays in the shipment
Please ensure all safety standards are met,Meet all safety standards
We are committed to delivering innovative solutions,We're all about new solutions
Thank you for your proactive solutions,Thanks for your quick fixes
I regret any inconvenience caused by the schedule change,Sorry the schedule change caused trouble
Could you handle the quality control,Take care of quality control
I appreciate your attention to deadlines,Thanks for meeting deadlines
Please adhere to the project specifications,Follow the project specs
We must maintain high-quality standards,Keep quality high
I would like to discuss the sales strategy,I wanna discuss the sales strategy
Thank you for your continuous efforts,Thanks for all your hard work
I apologize for any inconvenience caused by the system maintenance,My bad for any inconvenience caused by the system maintenance
Please ensure all team members are informed,Make sure everyone knows
We are committed to providing exceptional customer service,We offer excellent customer service
I would like to commend your problem-solving abilities,I wanna commend your problem-solving abilities
Thank you for your consistent dedication,Thanks for always being dedicated
I regret any inconvenience caused by the operational delays,Sorry the delays caused trouble
Could you manage the budget allocation,Handle the budget
I appreciate your attention to detail,Thanks for being thorough
Please adhere to the company's ethical guidelines,Follow the ethical rules
We must uphold our company values,Keep our values
I would like to discuss the annual report,I wanna discuss the annual report
I apologize for any inconvenience caused by the policy changes,My bad for any inconvenience caused by the policy changes
Please ensure all communications are documented,Keep records of communications
We are committed to fostering a positive work environment,We're building a great workplace
I would like to request a status update,I wanna request a status update
Thank you for your reliable support,Thanks for being reliable
I regret any inconvenience caused by the technical difficulties,Sorry for the tech issues
Could you handle the project deployment,Take care of project rollout
I appreciate your proactive management,Thanks for managing proactively
Please adhere to the project timeline,Stick to the timeline
We must address this challenge,Let's overcome this
I would like to discuss the project's implementation strategy,I wanna discuss the project's implementation strategy
Thank you for your unwavering support,Thanks for always supporting
I apologize for any inconvenience caused by the operational changes,My bad for any inconvenience caused by the operational changes
Please ensure all reports are submitted accurately,Submit correct reports
We are committed to achieving operational excellence,We strive for top operations
I would like to commend your leadership qualities,I wanna commend your leadership qualities
I regret any inconvenience caused by the reschedule,Sorry for rescheduling trouble
Could you manage the customer feedback,Handle customer feedback
I appreciate your strategic thinking,Thanks for your smart thinking
Please adhere to the confidentiality protocols,Adhere to the confidentiality protocols
We must maintain our strategic goals,Keep our strategic goals
I would like to discuss the project's resource allocation,I wanna discuss the project's resource allocation
Thank you for your exceptional problem-solving,Great problem-solving
Please ensure all communications are professional,Keep communications professional
We are committed to enhancing customer experience,We're making customers happy
I would like to commend your organizational skills,Great organizing skills!
Thank you for your diligent work,Thanks for working diligently
I regret any inconvenience caused by the project delay,Sorry the project is late
Could you handle the vendor negotiations,Take care of negotiating vendors
I appreciate your effective leadership,Thanks for leading well
Please adhere to the project deliverables,Follow the deliverables
We must uphold our commitment to clients,Keep our client commitment
I would like to discuss the team's performance,I wanna discuss the team's performance
I apologize for any inconvenience caused by the system upgrade,My bad for any inconvenience caused by the system upgrade
Please ensure all data is up-to-date,Update all data
We are committed to fostering employee growth,We're helping you grow
I regret any inconvenience caused by the update,Sorry for the update trouble
Could you manage the social media accounts,Handle social media
Please adhere to the project scope,Stick to the scope
We must address this issue swiftly,Fix this swiftly
I would like to discuss your long-term goals,I wanna discuss your long-term goals
Thank you for your excellent research,Great research!
I apologize for any inconvenience caused by the policy update,My bad for any inconvenience caused by the policy update
Please ensure all tasks align with objectives,Match tasks to goals
We are committed to delivering timely solutions,We provide solutions on time
I would like to commend your time management,Great time management!
Thank you for your proactive contributions,Thanks for stepping up
I regret any inconvenience caused by the system downtime,Sorry the system was down
Could you handle the customer inquiries,Take care of customer questions
Please adhere to the reporting guidelines,Follow reporting guidelines
We must uphold our quality standards,Keep quality high
I would like to discuss the quarterly performance,I wanna discuss the quarterly performance
I apologize for any inconvenience caused by the shipment delay,My bad for any inconvenience caused by the shipment delay
Please ensure all communications are timely,Keep communications timely
We are committed to delivering superior products,We offer top products
I would like to commend your technical skills,Great technical skills!
I appreciate your creative solutions,Thanks for your creative ideas
I would like to discuss the sales targets,I wanna discuss the sales targets
Thank you for your unwavering commitment,Thanks for always committing
I apologize for any inconvenience caused by the system issues,My bad for any inconvenience caused by the system issues
We are committed to enhancing our digital presence,We're boosting our online presence
I would like to commend your adaptability,Great adaptability!
Thank you for your thorough work,Thanks for being thorough
I regret any inconvenience caused by the policy changes,Sorry for the policy changes
Could you handle the financial reporting,Take care of financial reports
I appreciate your exceptional dedication to excellence,Thanks for dedicating to excellence
Please adhere to the project guidelines,Follow project guidelines
I would like to discuss the project's key deliverables,I wanna discuss the project's key deliverables
I apologize for any inconvenience caused by the technical errors,My bad for any inconvenience caused by the technical errors
We are committed to fostering a collaborative environment,We're building teamwork
I would like to commend your leadership,Great leadership!
I regret any inconvenience caused by the delay,Sorry for the delay
Could you assist with the project planning,Help with planning
I appreciate your dedication to the project,Thanks for dedicating to the project
We must maintain our focus on objectives,Stay focused on goals
We are committed to achieving our strategic goals,We aim for our strategic goals
I regret any inconvenience caused by the schedule change,Sorry for the schedule change trouble
We must address this matter urgently,Fix it urgently
I appreciate your continuous dedication,Thanks for sticking with us
Could you kindly review the attached file,Check out the attached doc
Thank you for your excellent service,Great service
I apologize for the inconvenience caused,My bad for the inconvenience caused
I would like to discuss the project's strategic goals,I wanna discuss the project's strategic goals
Please adhere to the operational guidelines,Follow the guidelines
Could you assist with the technical documentation,Help with tech docs
Please ensure all information is up-to-date,Update all info
I apologize for any inconvenience caused by the system upgrade,My bad for any inconvenience caused by the system upgrade
I apologize for any inconvenience caused by the policy update,My bad for any inconvenience caused by the policy update
I appreciate your prompt attention to this matter,Thanks for jumping on this quickly!
Could you provide an update on the project's status,What's the latest on the project?
Your efforts have significantly contributed to our success,You've been killing it and helping us win!
I kindly request your presence at the meeting,Wanna join the meeting?
We are reviewing the proposed changes,We're looking over the new changes.
Please ensure all documentation is complete,Make sure all the paperwork is done.
Your feedback is invaluable to us,Let us know what you think!
I apologize for the oversight,My bad for the oversight
We need to address this issue immediately,Let's fix this right now.
Could you assist with the data analysis,Can you help me crunch the numbers?
Thank you for your continued support,Thanks for sticking with us!
I would like to schedule a follow-up meeting,I wanna schedule a follow-up meeting
Please review the attached report,Check out the report I sent.
Your dedication is greatly appreciated,You're doing an awesome job!
We are committed to improving our services,We're working hard to make things better.
Could you finalize the presentation by tomorrow,Can you finish the slides by tomorrow?
I regret any inconvenience caused,Sorry for the hassle.
Please provide the necessary documents,Can you send over the papers?
Your participation is essential for success,We need you to join in!
I would appreciate your prompt response,Lemme know as soon as you can.
We are expanding our operations internationally,We're going global with our business!
Could you clarify your last statement,What did you mean by that?
Thank you for your hard work and dedication,Great job and thanks for all your effort!
I apologize for the delay in response,My bad for the delay in response
We need to optimize our workflow,Let's make our work process more efficient.
Please ensure timely delivery of the materials,Make sure the stuff arrives on time.
Your expertise has been invaluable,Your skills have been a huge help!
Could you arrange the necessary meetings,Can you set up the needed meetings?
Thank you for your understanding,Thanks for getting it!
I would like to discuss the budget allocation,I wanna discuss the budget allocation
Your innovative ideas have propelled the project forward,Your cool ideas are pushing the project ahead!
We must comply with all regulatory requirements,We gotta follow all the rules.
Could you oversee the implementation process,Can you manage putting this into action?
Thank you for your valuable insights,Thanks for your awesome input!
I apologize for any misunderstanding,My bad for any misunderstanding
We are enhancing our customer support,We're upgrading our customer service!
Could you draft the initial proposal,Can you put together the first draft of the proposal?
Your commitment to excellence is commendable,You're really dedicated to doing great work!
We need to streamline our communication channels,Let's make our communication channels smoother.
Please update the team on the latest developments,Let the team know what's new.
Your proactive approach has benefited the entire team,Your initiative has helped everyone out!
We are launching a new marketing campaign,We're kicking off a fresh marketing push!
Could you manage the upcoming event,Can you handle organizing the next event?
Thank you for your swift action,Thanks for acting so quickly!
I would like to request additional resources,I wanna request additional resources
Please adhere to the project timeline,Stick to the schedule for the project.
We must address the feedback received,Let's tackle the feedback we've gotten.
Could you prepare the necessary reports,Can you get the required reports ready?
I apologize for the technical difficulties,My bad for the technical difficulties
We are committed to fostering a collaborative environment,We're dedicated to building a team-oriented workspace.
Could you update the project plan accordingly,Can you update the project plan accordingly
Your leadership has been instrumental in our progress,Your leadership has really driven our success!
We need to finalize the contract terms,Let's wrap up the contract details.
Please ensure all safety measures are in place,Make sure all the safety stuff is set up.
Your dedication to the team is inspiring,You're really inspiring with how dedicated you are!
We are implementing new strategies to enhance productivity,We're rolling out new strategies to boost productivity.
Could you verify the accuracy of the data,Can you double-check the data for mistakes?
Thank you for your prompt attention,Thanks for handling this quickly!
I would like to discuss your career development,I wanna discuss your career development
Please ensure all equipment is functioning properly,Make sure all the gear is working right.
Your contributions have been vital to our success,Your input has been crucial for our wins!
We must adhere to the agreed-upon guidelines,Stick to the guidelines we agreed on.
Could you coordinate with the external partners,Can you liaise with the outside partners?
Thank you for your continued dedication,Thanks for staying dedicated!
I apologize for any inconvenience caused by the changes,My bad for any inconvenience caused by the changes
We are striving to achieve our quarterly goals,We're working hard to hit our goals this quarter.
Could you handle the client communications,Can you take care of talking to the clients?
Please submit your feedback by the end of the day,Lemme know your thoughts by EOD.
Your ability to adapt is impressive,You're really good at adapting!
We are updating our internal policies,We're revising our company rules!
Could you assist with the onboarding process,Can you help with getting the new hires settled?
Thank you for your insightful suggestions,Thanks for your smart ideas!
I apologize for any delays in the project timeline,My bad for any delays in the project timeline
We must maintain high standards of quality,Keep up the high quality standards!
Could you review the latest draft of the document,Can you check out the latest version of the doc?
Your enthusiasm has boosted team morale,Your energy is really lifting the team's spirits!
We are enhancing our digital infrastructure,We're upgrading our digital systems!
Please ensure all tasks are completed by the deadline,Finish all the tasks before the deadline.
Your strategic planning has been beneficial,Your planning skills have really helped!
We need to address the upcoming challenges,Let's tackle the challenges ahead.
Could you manage the social media accounts,Can you handle our social media?
Thank you for your unwavering support,Thanks for always supporting us!
I apologize for any oversight on my part,My bad for any oversight on my part
We are committed to providing excellent service,We're dedicated to offering top-notch service!
Could you finalize the budget proposal,Can you wrap up the budget plan?
Your initiative has led to significant improvements,Your taking charge has made things way better!
We must ensure compliance with all standards,Make sure we follow all the standards.
Please update the team on your progress,Let the team know how you're doing.
Your creativity has enhanced our projects,Your creative ideas have boosted our projects!
We are launching a new initiative next month,We're starting a fresh project next month!
Could you assist with the financial analysis,Can you help me with the financial breakdown?
Thank you for your meticulous work,Thanks for being so thorough with your work!
I apologize for the short notice,My bad for the short notice
We must prioritize this task to meet our goals,Make this task top priority to hit our targets.
Could you oversee the quality assurance process,Can you oversee the quality assurance process
We are expanding our team to accommodate growth,We're growing and adding more people to the team!
Please ensure all communications are clear and concise,Make sure your messages are clear and to the point.
Your problem-solving skills are highly valued,We really value how you solve problems!
We must address the client's concerns promptly,Let's tackle the client's worries right away.
Could you prepare the meeting minutes,Can you jot down the notes from the meeting?
Thank you for your exceptional teamwork,Thanks for being an awesome team player!
I apologize for the confusion earlier,My bad for the confusion earlier
Could you assist with the event coordination,Can you help organize the event?
We must adhere to the project's ethical guidelines,Stick to the ethical rules for the project.
Please review the client's feedback and respond accordingly,Review the client's feedback and respond accordingly
Your leadership during the crisis was commendable,You led the way excellently during the crisis!
We are committed to reducing our environmental impact,We're dedicated to going greener and cutting our footprint!
Could you finalize the report by the end of the week,Can you finish the report by Friday?
Thank you for your dedication to continuous improvement,Thanks for always striving to get better!
I apologize for any inconvenience caused by the rescheduling,My bad for any inconvenience caused by the rescheduling
We must maintain open lines of communication,Keep the communication channels open.
Could you handle the logistics for the upcoming event,Can you take care of the event logistics?
Your proactive measures have prevented potential issues,Your quick actions stopped some problems from happening!
We are launching a feedback system to gather employee opinions,We're starting a feedback tool to hear what everyone thinks!
Please ensure all safety protocols are followed strictly,Make sure everyone follows the safety rules to the letter.
Your expertise has greatly benefited the project,Your skills have really helped the project thrive!
We must address these issues to ensure project success,Let's fix these problems to make the project a win.
Could you prepare the agenda for the next meeting,Can you set up the agenda for our next meetup?
Thank you for your flexibility during this transition,Thanks for your flexibility during this transition
I apologize for any misunderstanding caused by my previous email,My bad for any misunderstanding caused by my previous email
We are committed to fostering a supportive work environment,We're dedicated to building a supportive workplace!
Could you assist with the budget revisions,Can you help revise the budget?
Your dedication to meeting deadlines is impressive,You're really awesome at hitting deadlines!
We must ensure all team members are informed of the changes,Make sure everyone on the team knows about the changes.
Please review the updated policy document,Check out the new policy document.
Your positive attitude has a significant impact on the team,Your good vibes really lift the team's spirits!
We are enhancing our cybersecurity measures to protect data,We're beefing up our cyber defenses to keep data safe!
Could you handle the client onboarding process,Can you manage getting new clients set up?
Thank you for your thoroughness in completing the tasks,Thanks for being so thorough with the tasks!
I apologize for any inconvenience caused by the system update,My bad for any inconvenience caused by the system update
We must adhere to the highest standards of quality,Stick to the top quality standards.
Could you prepare a summary of the meeting outcomes,Can you put together a recap of what we decided in the meeting?
Your leadership has inspired the entire team,You've inspired everyone with how you lead!
We are implementing new tools to improve efficiency,We're rolling out new tools to make things run smoother!
Please ensure all data is accurately recorded,Make sure all the data is logged correctly.
Your commitment to the project is highly valued,We really value how committed you are to the project!
We must address the resource allocation to meet our targets,Let's sort out the resources so we can hit our goals.
Could you assist with the performance metrics analysis,Can you help analyze the performance numbers?
Thank you for your dedication to maintaining high standards,Thanks for keeping up the high standards!
I apologize for any inconvenience caused by the unexpected changes,My bad for any inconvenience caused by the unexpected changes
We are committed to providing exceptional value to our clients,We're dedicated to giving our clients outstanding value!
Could you finalize the training materials for the workshop,Can you finish the training docs for the workshop?
Your ability to handle multiple tasks efficiently is impressive,You're really good at juggling tasks efficiently!
Please coordinate with the IT department for technical support,Sync up with IT if you need tech help.
Your proactive engagement has enhanced our team dynamics,Your active participation has made the team vibe better!
We are launching a new initiative to boost employee morale,We're starting a new project to lift everyone's spirits!
Could you assist with the client follow-ups,Can you help with following up with the clients?
Thank you for your outstanding contributions to the project,Thanks for your awesome input on the project!
I apologize for any inconvenience caused by the delivery delay,My bad for any inconvenience caused by the delivery delay
We must maintain transparency in all our dealings,Keep everything transparent in how we work.
Could you handle the documentation for the new process,Can you take care of the paperwork for the new process?
Your commitment to excellence sets a great example for the team,Your dedication to excellence is inspiring the whole team!
We are improving our internal communication channels,We're upgrading how we communicate internally!
Please ensure all reports are submitted accurately and on time,Make sure you send the reports correctly and by the deadline.
Your ability to adapt to changing circumstances is commendable,You're awesome at adapting when things change!
We must address the client's concerns to ensure satisfaction,Let's tackle the client's worries to keep them happy.
Could you prepare the financial projections for next quarter,Can you get the financial forecasts ready for next quarter?
Thank you for your exceptional attention to detail,Thanks for being so detail-oriented!
I apologize for any inconvenience caused by the staffing changes,My bad for any inconvenience caused by the staffing changes
We are committed to delivering projects on schedule,We're dedicated to finishing projects on time!
Could you assist with the market research analysis,Can you help analyze the market research?
Your dedication to continuous improvement is admirable,It's awesome how you always strive to get better!
We must ensure compliance with all safety regulations,Make sure we follow all the safety rules.
Please review the updated meeting minutes and provide feedback,Check out the new meeting notes and lemme know what you think.
Your innovative solutions have greatly benefited our operations,Your creative fixes have really helped our operations!
We are launching a new training program next month,We're starting a fresh training program next month!
Could you handle the client satisfaction surveys,Can you manage the customer satisfaction surveys?
Thank you for your consistent performance and reliability,Thanks for your consistent performance and reliability
I apologize for any inconvenience caused by the system maintenance,My bad for any inconvenience caused by the system maintenance
We must prioritize this project to meet our strategic goals,Let's make this project a top priority to hit our goals.
Could you assist with the vendor negotiations,Can you help negotiate with the vendors?
Your proactive stance has prevented potential issues,Your initiative stopped some problems before they happened!
We are enhancing our product features based on user feedback,We're upgrading our product features thanks to what users told us!
Please ensure all team members are aware of the new protocols,Make sure everyone knows about the new rules.
Your dedication to quality assurance is highly appreciated,Thanks for being so dedicated to quality checks!
We must address the operational inefficiencies immediately,Let's fix the workflow problems right now.
Could you prepare the agenda for the upcoming conference,Can you set up the schedule for the next conference?
Thank you for your outstanding customer service,Thanks for delivering awesome customer service!
I apologize for any inconvenience caused by the unexpected downtime,My bad for any inconvenience caused by the unexpected downtime
We are committed to fostering a culture of excellence,We're dedicated to building a culture of excellence!
Could you assist with the technical support requests,Can you help handle the tech support requests?
We must ensure that all actions align with our core values,Make sure everything we do matches our main values.
Please review the attached specifications and provide feedback,Check out the specs I sent and lemme know your thoughts.
Your proactive measures have enhanced our operational efficiency,Your quick actions have made our operations more efficient!
We are launching a new customer loyalty program,We're starting a fresh loyalty program for customers!
Could you handle the follow-up emails to the clients,Can you take care of sending follow-up emails to the clients?
Thank you for your exceptional project management skills,Thanks for managing the project so well!
I apologize for any inconvenience caused by the policy enforcement,My bad for any inconvenience caused by the policy enforcement
We must maintain high levels of customer satisfaction,Keep our customer satisfaction levels high.
Could you assist with the recruitment process,Can you help with hiring new people?
Your dedication to meeting project deadlines is impressive,You're really awesome at hitting project deadlines!
We are committed to expanding our market presence,We're dedicated to growing our market footprint!
Please ensure all financial records are up to date,Make sure all the financial records are current.
We must address the logistical challenges promptly,Let's tackle the shipping and logistics issues quickly.
Could you prepare the quarterly financial report,Can you get the quarterly financial report ready?
Thank you for your unwavering commitment to the team,Thanks for always being committed to the team!
I apologize for any inconvenience caused by the last-minute changes,My bad for any inconvenience caused by the last-minute changes
We are enhancing our employee training programs,We're upgrading our training programs for employees!
Your meticulous approach has improved our workflow efficiency,Your detailed methods have made our workflow way better!
We must adhere to the updated compliance standards,Stick to the new compliance rules.
Please review the proposed changes and share your thoughts,Review the proposed changes and share your thoughts
Your leadership has been pivotal in navigating the project challenges,Your leadership has been key in overcoming the project hurdles!
We are committed to providing a safe work environment,We're dedicated to ensuring everyone works safely!
Could you assist with the data migration process,Can you help move the data over?
Thank you for your outstanding analytical skills,Thanks for your awesome analysis skills!
I apologize for any inconvenience caused by the resource limitations,My bad for any inconvenience caused by the resource limitations
We must ensure that all project milestones are met,Make sure we hit all the project milestones.
Could you prepare the detailed project timeline,Can you set up a detailed timeline for the project?
Your dedication to achieving excellence is inspiring,Your commitment to excellence is really inspiring!
We are launching a new internal newsletter,We're starting a fresh internal newsletter!
Please ensure all team members are trained on the new software,Make sure everyone learns how to use the new software.
Your proactive engagement has led to significant improvements,Your active participation has made big improvements!
We must address the budget constraints effectively,Let's handle the budget limits smartly.
Could you assist with the customer feedback analysis,Can you help analyze the customer feedback?
I apologize for any inconvenience caused by the scheduling conflicts,My bad for any inconvenience caused by the scheduling conflicts
We are committed to maintaining our competitive edge,We're dedicated to staying ahead of the competition!
Could you handle the project documentation,Can you take care of the project paperwork?
Your ability to manage multiple tasks efficiently is impressive,You're really good at juggling multiple tasks efficiently!
We must ensure compliance with all financial regulations,Make sure we follow all the financial rules.
Please review the updated project scope and provide feedback,Check out the new project scope and lemme know your thoughts.
Your dedication to continuous learning is admirable,It's awesome how you keep learning and growing!
We are enhancing our customer engagement strategies,We're upgrading how we interact with customers!
Could you assist with the performance evaluation process,Can you help with evaluating performance?
Thank you for your outstanding organizational skills,Thanks for being so organized!
I apologize for any inconvenience caused by the operational changes,My bad for any inconvenience caused by the operational changes
Could you prepare the summary report for the board meeting,Can you put together the summary for the board?
We are launching a new employee recognition program,We're starting a fresh program to recognize employee efforts!
Please ensure all communications are professional and respectful,Keep all your messages professional and respectful.
Your problem-solving abilities have greatly benefited the team,Your ability to solve problems has really helped the team!
We must address the customer complaints promptly,Let's handle the customer complaints right away.
Could you assist with the market analysis report,Can you help with the market analysis report?
Thank you for your exceptional teamwork and collaboration,Thanks for being an awesome team player!
I apologize for any inconvenience caused by the unexpected changes,My bad for any inconvenience caused by the unexpected changes
We are committed to enhancing our digital marketing efforts,We're dedicated to boosting our digital marketing!
Could you handle the client presentations,Can you take care of presenting to the clients?
Your dedication to maintaining high standards is commendable,You're really great at keeping high standards!
We must ensure that all project deliverables are met,Make sure we achieve all the project goals.
Please review the attached guidelines and follow them accordingly,Review the attached guidelines and follow them accordingly
Your proactive approach has streamlined our operations,Your initiative has made our operations smoother!
We are launching a new employee wellness program,We're starting a fresh wellness program for employees!
Could you assist with the sales forecast analysis,Can you help analyze the sales forecast?
Thank you for your unwavering support and dedication,Thanks for always supporting and dedicating yourself!
I apologize for any inconvenience caused by the policy updates,My bad for any inconvenience caused by the policy updates
We must prioritize customer satisfaction in all our endeavors,Let's make sure customer satisfaction is our top priority.
Could you prepare the agenda for the upcoming seminar,Can you set up the agenda for the seminar?
Your leadership during the project was exceptional,You led the project exceptionally well!
We are enhancing our training modules to better serve employees,We're upgrading our training to help employees more effectively!
Please ensure all data entries are accurate and up-to-date,Make sure all the data you enter is correct and current.
Your commitment to excellence drives our success,Your dedication to excellence is what makes us successful!
We must address the technical issues to avoid further delays,Let's fix the tech problems to prevent more delays.
Could you assist with the product launch preparations,Can you help get ready for the product launch?
Thank you for your exceptional dedication to the team,Thanks for being so dedicated to the team!
I apologize for any inconvenience caused by the system upgrades,My bad for any inconvenience caused by the system upgrades
We are committed to fostering a culture of innovation,We're dedicated to building an innovative culture!
Could you handle the client onboarding documentation,Can you take care of the paperwork for new clients?
We must ensure that all project requirements are met,Make sure we satisfy all the project needs.
Please review the updated financial guidelines and implement them accordingly,Review the updated financial guidelines and implement them accordingly
Your proactive measures have prevented potential setbacks,Your quick actions stopped some setbacks from happening!
We are launching a new customer feedback initiative,We're starting a fresh way to get customer feedback!
Could you assist with the operational efficiency analysis,Can you help analyze how efficient our operations are?
Thank you for your outstanding commitment to the project,Thanks for being so committed to the project!
I apologize for any inconvenience caused by the unexpected delays,My bad for any inconvenience caused by the unexpected delays
We are committed to enhancing our employee engagement strategies,We're dedicated to boosting how we engage with employees!
Could you handle the client follow-up communications,Can you take care of following up with the clients?
Your dedication to maintaining high productivity levels is impressive,You're really impressive at keeping productivity high!
We must adhere to the updated safety protocols,Stick to the new safety rules.
Please review the attached guidelines and adhere to them strictly,Check out the guidelines I sent and follow them closely.
Your innovative solutions have streamlined our processes,Your creative fixes have made our processes smoother!
We are launching a new internal communication tool,We're starting a fresh tool for internal communication!
Could you assist with the financial auditing process,Can you help with the financial audit?
Thank you for your exceptional performance and dedication,Thanks for performing exceptionally well and staying dedicated!
We must ensure compliance with all regulatory standards,Make sure we follow all the regulatory standards.
We are committed to providing top-notch customer service,We're dedicated to offering excellent customer service!
Please ensure all team members are informed of the new procedures,Make sure everyone knows about the new procedures.
Your proactive approach has significantly improved our workflow,Your initiative has really boosted our workflow!
We must address the current challenges to achieve our goals,Let's tackle the current challenges to reach our goals.
Could you assist with the client satisfaction survey analysis,Can you help analyze the customer satisfaction survey?
Thank you for your unwavering commitment to excellence,Thanks for always being committed to excellence!
We are committed to fostering a positive work environment,We're dedicated to building a positive workplace!
Your meticulous attention to detail has enhanced our project quality,Your careful eye for detail has boosted our project quality!
Thank you for your outstanding teamwork,Thanks for being an awesome team player!
I would like to request your presence at the conference.,Wanna come to the conference?
Please ensure all documents are filed appropriately.,Make sure you file all the papers right.
We are pleased to announce the launch of our new product.,Exciting news—we're dropping a new product!
Could you provide your availability for a meeting next week?,Can you provide your availability for a meeting next week?
I appreciate your prompt attention to this matter.,Thanks for handling this quickly!
I would like to discuss the quarterly financial results.,I wanna discuss the quarterly financial results.
We must ensure compliance with all regulatory standards.,Make sure we follow all the rules.
Your performance has exceeded our expectations.,You're crushing it beyond what we thought!
I apologize for the delay in processing your request.,My bad for the delay in processing your request.
We are committed to providing exceptional customer service.,We're all about giving awesome customer service!
Could you assist with the preparation of the annual report?,Can you help put together the yearly report?
Thank you for your dedication and hard work.,Thanks for all your hard work and dedication!
Please confirm receipt of this email at your earliest convenience.,Lemme know you got this email ASAP.
We need to address the upcoming project deadlines.,Let's tackle the project deadlines coming up.
I am writing to express my interest in the position.,I'm reaching out cuz I'm interested in the job.
We highly value your contributions to the team.,We really appreciate everything you do for the team.
Could you provide a detailed overview of the project plan?,Can you give a detailed rundown of the project plan?
Thank you for your understanding and cooperation.,Thanks for understanding and cooperating!
Please ensure all team members are informed of the changes.,Make sure everyone on the team knows about the changes.
I regret any inconvenience this may have caused.,Sorry if this caused any trouble.
We are enhancing our operational procedures to improve efficiency.,We're upgrading our processes to work more efficiently.
Could you oversee the implementation of the new system?,Can you manage setting up the new system?
Your feedback is invaluable to us.,Let us know what you think—it really matters!
I apologize for any confusion caused by my previous message.,My bad for any confusion caused by my previous message.
We must maintain the highest standards of professionalism.,Keep it professional at all times.
Please review the attached proposal and provide your feedback.,Check out the attached proposal and lemme know what you think.
Thank you for your prompt response to my inquiry.,Thanks for getting back to me so quickly!
We are scheduling a meeting to discuss the project milestones.,We're setting up a meeting to talk about the project goals.
Could you please update the client on the current status?,Can you let the client know what's up with the status?
I appreciate your willingness to assist with this task.,Thanks for being willing to help with this task!
We must address the recent issues immediately.,Let's fix the recent issues right away.
Your expertise in this area is highly valued.,We really value your skills in this area.
I apologize for the oversight in the report.,My bad for the oversight in the report.
We are committed to fostering a collaborative work environment.,We're dedicated to building a team-oriented workspace.
Could you provide an update on the project's progress?,What's the latest on the project's progress?
Thank you for your continued support and dedication.,Thanks for sticking with us and staying dedicated!
Please adhere to the outlined guidelines.,Stick to the rules we set.
I regret to inform you of the recent changes.,Sorry to let you know about the recent changes.
We are pleased with the outcomes of the recent meeting.,We're happy with how the meeting went.
Could you assist with the coordination of the event?,Can you help organize the event?
Your hard work has not gone unnoticed.,We see all the hard work you're putting in!
I apologize for any inconvenience caused by the technical issues.,My bad for any inconvenience caused by the technical issues.
We must ensure that all procedures are followed correctly.,Make sure all the steps are done right.
Please provide your input on the new strategy.,Let us know what you think about the new strategy.
We are committed to achieving our strategic objectives.,We're dedicated to hitting our strategic goals.
Could you handle the client inquiries for today?,Can you take care of the client questions today?
Your dedication to excellence is commendable.,You're really awesome at striving for excellence!
I apologize for the delay in our response.,My bad for the delay in our response.
We need to finalize the budget by the end of the week.,Let's wrap up the budget by Friday.
Please ensure all communications are clear and concise.,Keep all your messages clear and to the point.
I regret any inconvenience caused by the schedule change.,Sorry the schedule change caused trouble.
We are enhancing our digital infrastructure to support growth.,We're upgrading our digital systems to help us grow!
Could you provide a summary of the meeting minutes?,Can you give a recap of the meeting notes?
Thank you for your thorough analysis.,Thanks for your thorough analysis.
I apologize for any misunderstanding during our last conversation.,My bad for any misunderstanding during our last conversation.
We must address the financial discrepancies immediately.,Let's fix the financial issues right now.
Could you assist with the development of the new software?,Can you help develop the new software?
Your contributions have significantly impacted our success.,You've been killing it and helping us win!
We are committed to reducing our environmental footprint.,We're dedicated to going greener and cutting our footprint!
Please ensure all data is accurately recorded.,Make sure all the data is logged correctly.
I regret any inconvenience caused by the operational changes.,Sorry the operational changes caused trouble.
We must uphold our commitment to quality.,Keep our promise to quality.
Could you handle the logistics for the upcoming conference?,Can you take care of the logistics for the conference?
Thank you for your exceptional dedication to the project.,Thanks for being so dedicated to the project!
Please review the updated policy document and adhere to it.,Check out the new policy doc and follow it.
I apologize for any inconvenience caused by the system maintenance.,My bad for any inconvenience caused by the system maintenance.
We are committed to fostering a culture of innovation.,We're dedicated to building an innovative culture!
Could you assist with the client onboarding documentation?,Can you help with the paperwork for new clients?
We must ensure compliance with all financial regulations.,Make sure we follow all the financial rules.
Please review the attached guidelines and provide your feedback.,Check out the guidelines I sent and lemme know what you think.
Your innovative solutions have streamlined our operations.,Your creative fixes have made our operations smoother!
We are launching a new internal communication tool.,We're starting a fresh tool for internal communication!
Could you assist with the financial auditing process?,Can you help with the financial audit?
Thank you for your outstanding project management skills.,Thanks for managing the project so well!
I apologize for any inconvenience caused by the policy enforcement.,My bad for any inconvenience caused by the policy enforcement.
We must maintain high levels of customer satisfaction.,Keep our customer satisfaction levels high.
Could you assist with the recruitment process?,Can you help with hiring new people?
Your dedication to meeting project deadlines is impressive.,You're really awesome at hitting project deadlines!
We are committed to expanding our market presence.,We're dedicated to growing our market footprint!
Please ensure all financial records are up to date.,Make sure all the financial records are current.
We must address the logistical challenges promptly.,Let's tackle the shipping and logistics issues quickly.
Could you prepare the quarterly financial report?,Can you get the quarterly financial report ready?
Thank you for your unwavering commitment to the team.,Thanks for always being committed to the team!
I apologize for any inconvenience caused by the unexpected changes.,My bad for any inconvenience caused by the unexpected changes.
We are enhancing our employee training programs.,We're upgrading our training programs for employees!
Your meticulous attention to detail has enhanced our workflow efficiency.,Your careful eye for detail has boosted our workflow!
We must adhere to the updated compliance standards.,Stick to the new compliance rules.
Please review the proposed changes and share your thoughts.,Review the proposed changes and share your thoughts.
Your leadership has been pivotal in navigating the project challenges.,You've inspired everyone with how you lead!
We are committed to providing a safe work environment.,We're dedicated to ensuring everyone works safely!
Could you assist with the data migration process?,Can you help move the data over?
Thank you for your outstanding analytical skills.,Thanks for your awesome analysis skills!
I apologize for any inconvenience caused by the resource limitations.,My bad for any inconvenience caused by the resource limitations.
We must ensure that all project milestones are met.,Make sure we hit all the project milestones.
Could you prepare the detailed project timeline?,Can you set up a detailed timeline for the project?
Your dedication to achieving excellence is inspiring.,You're really inspiring with how dedicated you are!
We are launching a new employee wellness program.,We're starting a fresh wellness program for employees!
Please ensure all data entries are accurate and up-to-date.,Make sure you enter the data correctly and it's current.
Your commitment to excellence drives our success.,Your dedication to excellence is really driving our success!
We must address the technical issues to avoid further delays.,Let's fix the tech problems to prevent more delays.
Could you assist with the product launch preparations?,Can you help get ready for the product launch?
Thank you for your exceptional dedication to the team.,Thanks for being so dedicated to the team!
We must maintain our focus on objectives.,Stay focused on the goals.
Could you provide further clarification on your last point?,What did you mean by that last part?
Your problem-solving skills are highly valued.,We really value how you solve problems!
We are committed to delivering timely solutions.,We're dedicated to providing solutions on time!
Please ensure all team members are informed of the new protocols.,Make sure everyone knows about the new protocols.
Your proactive engagement has enhanced our team dynamics.,Your active participation has made the team vibe better!
We are launching a new customer feedback initiative.,We're starting a fresh way to get customer feedback!
Could you assist with the operational efficiency analysis?,Can you help analyze how efficient our operations are?
Thank you for your outstanding commitment to the project.,Thanks for being so committed to the project!
I apologize for any inconvenience caused by the unexpected delays.,My bad for any inconvenience caused by the unexpected delays.
We are committed to enhancing our employee engagement strategies.,We're dedicated to boosting how we engage with employees!
Could you handle the client follow-up communications?,Can you take care of following up with the clients?
Your dedication to maintaining high productivity levels is impressive.,You're really awesome at keeping productivity high!
We must adhere to the updated safety protocols.,Stick to the new safety rules.
Please review the attached guidelines and adhere to them strictly.,Check out the guidelines I sent and follow them closely.
Your innovative solutions have streamlined our processes.,Your creative fixes have made our processes smoother!
Could you assist with the product launch preparations?,Can you help get ready for the product launch!
"I'm really tired today, I think I need some rest.","I'm totally drained today, need to catch some Z's."
"I'm really tired today, I just want to relax at home.","I'm hella drained today, just wanna chill at home."
I'm really excited for the concert tonight.,I'm so hype for the concert tonight.
"I'm really tired today, I think I need some coffee.","I'm so drained today, I gotta get me some caffeine."
I'm really looking forward to the weekend.,"I'm so hyped for the weekend, can't wait to turn up!"
I'm really tired today and just want to relax at home.,I'm mad tired today and just wanna chill at home.
I'm just hanging out with my friends tonight.,I'm just vibing with the squad tonight.
I'm going to grab some coffee before work.,I'm gonna grab some coffee before work.
"Hey, did you see the new movie last night? It was really good.","Yo, peep the new flick last night? It was lit."
I'm just going to grab some coffee and then head to class.,I'm just gonna grab some coffee and then head to class.
I'm feeling really tired today because I didn't sleep well.,I'm feeling really tired today cuz I didn't sleep well.
I'm really tired today but I still have a lot of work to do.,I'm hella tired today but still gotta grind through my tasks.
I'm just really tired today and don't want to do anything complicated.,I'm just really tired today and don't wanna do anything complicated.
"Hey, are you free to hang out later?","Yo, you down to chill later?"
I'm really excited about the concert tonight.,I'm hyped for the concert tonight.
"Hey, are you coming to the party tonight?","Yo, you sliding to the party tonight?"
I'm really tired today because I didn't sleep well.,I'm really tired today cuz I didn't sleep well.
I'm really excited about the concert this weekend.,I'm super hyped for the concert this weekend.
I'm just hanging out with my friends at the mall.,I'm just chillin' with my friends at the mall.
I'm just heading to the store to grab some snacks.,I'm just sliding to the store to cop some snacks.
I'm just going to chill at home and watch some movies.,"I'm just gonna vibing at home, bingeing some flicks."
I'm just going to chill at home today.,I'm just gonna chill at home today.
"I'm really tired today, I think I need some coffee.","I'm dead tired today, need some coffee to stay woke."
I'm really tired today and just want to relax at home.,I'm super drained today and just wanna chill at home.
I'm just really tired today and not feeling up to going out.,I'm lowkey drained today and not tryna pop off outside.
I'm just really tired today because I didn't sleep well.,I'm hella drained 'cause I didn't catch enough Z's.
I'm really tired after a long day at work.,I'm super drained after all that at work today.
"Hey, did you see the new movie that just came out?","Yo, did you peep the new flick that dropped?"
"I'm really tired today, I think I'll just stay home and relax.","I'm super drained today, imma just chill at home and vibe."
I'm really tired today but I have to go to work.,I'm super exhausted today but I gotta hit up work.
"Hey, how are you doing today?","Yo, what's good? How you vibing today?"
I'm just hanging out with my friends at the park.,I'm just vibing with my squad at the park.
I'm really tired today because I didn't sleep well last night.,I'm really tired today cuz I didn't sleep well last night.
I'm feeling really tired today because I didn't get enough sleep.,I'm feeling really tired today cuz I didn't get enough sleep.
"I'm really tired today, I think I need a coffee.","I'm so beat today, I need a coffee boost."
"Hey, do you want to grab coffee later?","Yo, wanna toss back a coffee later?"
It's really nice to see you today.,It's mad chill to catch you today.
I'm just really tired today but I still have to go to work.,I'm down bad but gotta yeet to work anyway.
"I'm really tired today, I might just stay home and relax.","I'm so exhausted today, lowkey just tryna chill at home."
I'm just really tired today because I didn't get enough sleep.,I'm just really tired today cuz I didn't get enough sleep.
I'm feeling really tired after a long day at work.,"I'm totally drained after a long day at work, fr."
"It's really hot today, I don't want to go outside.","It's really hot today, I don't wanna go outside."
I'm feeling really tired today.,I'm hella drained today.
I'm really tired today but I have to finish my homework.,I'm so drained today but gotta vibe through this homework.
I'm really tired today because I stayed up late watching movies.,I'm really tired today cuz I stayed up late watching movies.
I'm really tired because I didn't get enough sleep last night.,I'm really tired cuz I didn't get enough sleep last night.
"I'm really tired today, I think I'll just relax at home.","I'm totally exhausted today, gonna just chill at my place."
"I'm really tired today, I just want to relax.","I'm really tired today, I just wanna relax."
I'm really tired today because I stayed up late last night.,I'm really tired today cuz I stayed up late last night.
"That movie was really good, I enjoyed it a lot.","That flick was fire, I was vibing with it big time."
"Hey, do you want to grab some coffee later?","Yo, wanna catch some coffee later?"
"Hey, did you see that new movie last night? It was really good.","Yo, did you peep that lit new flick last night? It was fire."
I'm just really tired today and need some coffee.,"I'm mad drained today, lowkey need my caffeine fix."
I'm just going to hang out with my friends tonight.,I'm just gonna hang out with my friends tonight.
I'm really excited for the concert tonight!,I'm super hyped for the concert tonight!
I'm just going to chill at home tonight.,I'm just gonna chill at home tonight.
I'm going to grab some coffee. Do you want to come?,I'm gonna grab some coffee. Do you wanna come?
"I'm feeling really tired today, I think I need some coffee.","I'm deadass exhausted today, need that caffeine boost real quick."
"I'm really tired today, I think I need a nap.","I'm super drained today, I gotta catch some z's."
I'm really tired today but I have to finish my homework.,I'm mad exhausted today but gotta grind on my homework.
"Hey, did you see the new movie everyone was talking about?","Yo, did u peep the new flick everyone's hyped about?"
I'm just going to grab some coffee before work.,I'm just gonna grab some coffee before work.
I'm really excited to hang out with my friends this weekend.,I'm super hyped to chill with my crew this weekend.
I'm really tired after working all day.,I'm dead tired after grinding all day.
I'm just really tired today and I don't want to go out.,I'm just really tired today and I don't wanna go out.
"I'm really tired today, I just want to nap all afternoon.","I'm really tired today, I just wanna nap all afternoon."
"Hey, do you want to hang out this weekend?","Yo, wanna chill this weekend?"
I'm really tired because I stayed up late last night.,I'm hella drained 'cause I pulled an all-nighter yesterday.
I'm just really tired today and just want to relax at home.,I'm just really tired today and just wanna relax at home.
I'm really tired today but I still have to finish my homework.,I'm really tired today but I still gotta finish my homework.
"I'm really tired today, I think I'll just stay in and relax.","I'm hella tired today, might just chill at home and vibing."
"I'm really tired today, I just want to chill at home.","I'm dead tired today, just wanna veg at home."
I'm really tired today because I stayed up late studying.,I'm really tired today cuz I stayed up late studying.
I'm really tired today after a long week.,"I'm so drained after this crazy week, fr."
"I'm really tired today, I might just relax at home.","I'm hella exhausted today, might just chill at home."
I'm just going out to grab some coffee with my friends.,"I'm just heading out to vibe with my friends over some coffee, no cap."
I'm just going to relax at home tonight and watch some movies.,I'm just gonna relax at home tonight and watch some movies.
I'm really tired after working all day and just want to chill with some snacks.,"I'm totally wiped after grinding all day, just wanna kick back with some snacks."
I'm just relaxing at home and watching some TV.,"I'm chillin' at my place, vibing with some shows."
I'm really tired and just want to relax at home today.,I'm really tired and just wanna relax at home today.
I'm just trying to get through the day without any problems.,I'm just tryna vibing through the day without any drama.
I'm just going to relax and watch a movie tonight.,I'm just chillin' and gonna Netflix and chill tonight.
I'm just asking if you want to hang out later.,I'm just asking if you wanna hang out later.
I'm just going to relax at home and watch some movies.,I'm just gonna relax at home and watch some movies.
I'm just going to grab some coffee before class.,I'm just gonna grab some coffee before class.
I'm just hanging out with my friends at the park today.,"Chillin' with my crew at the park today, no cap."
"Hey, are you free to hang out tomorrow?","Yo, you down to chill tomorrow?"
I'm just going to relax at home and watch some TV tonight.,I'm just gonna relax at home and watch some TV tonight.
I'm just heading to the store to buy some snacks.,"Gonna slide to the store to grab some snacks, no cap."
"Hey, do you want to hang out later?","Hey, do you wanna hang out later?"
"Hey, I just finished my homework and I'm ready to hang out.","Yo, just wrapped my homework and I'm all set to chill."
"Hey, did you see the new movie last night?","Yo, did you catch that fresh flick yesterday night?"
I'm really tired after a long day at work.,I'm so drained after a long grind today.
I'm just really tired after a long day at work.,I'm totally drained after a long day at the grind.
I'm just honestly tired after a long day.,"I'm just vibing out tired after a whole day, no cap."
I'm just going to hang out with my friends this weekend.,I'm just gonna hang out with my friends this weekend.
I'm just going to relax at home and watch some TV.,I'm just gonna relax at home and watch some TV.
"Hey, do you want to grab a coffee later?","Yo, wanna catch a coffee later?"
I'm really excited about hanging out with my friends tonight.,I'm so hyped to chill with my peeps tonight!
I'm just going to hang out with my friends at the park today.,I'm just gonna hang out with my friends at the park today.
"Hey, do you want to go grab some coffee later?","Hey, do you wanna go grab some coffee later?"
I'm really tired after studying all night.,I'm hella drained 'cause I pulled an all-nighter.
I'm going to grab some lunch with my friends later.,I'm gonna grab some lunch with my friends later.
"Hey, I just finished my homework and I'm feeling pretty good.","Yo, just crushed my homework and I'm vibing pretty hard."
"Hey, do you want to hang out tomorrow?","Yo, you down to vibe tomorrow?"
"Hey, are you free to hang out today?","Yo, you free to chill today?"
I'm just really tired and need to rest for a bit.,"I'm so drained, I gotta chill for a sec."
I'm just chilling at home and watching some videos.,"I'm just vibing at home, binge-watching some vids."
"Hey, do you want to go out for pizza tonight?","Yo, wanna hit up some pizza tonight?"
I'm just going to relax at home and watch some videos.,I'm just gonna relax at home and watch some videos.
"Hey, are you free to hang out this afternoon?","Yo, you down to chill today?"
I'm really tired today and just want to relax.,I'm really tired today and just wanna relax.
I'm feeling really tired today and just want to chill at home.,I'm feeling really tired today and just wanna chill at home.
"I'm just sitting here, relaxing and listening to some music.","I'm just vibin' here, chillin' with my tunes."
I'm grabbing a coffee with my friends this afternoon.,"I'm chugging a latte with my squad later, no cap."
Let's hang out at the mall this afternoon.,"Yo, let's vibe at the mall later!"
"Hey, do you want to hang out later to watch a movie?","Yo, wanna vibe later and catch a flick?"
I'm just feeling really tired today.,"I'm totally drained today, no cap."
"Hey, do you want to grab a quick coffee before the movie?","Yo, wanna grab a quick latte before the flick?"
I'm just really tired today because I didn't sleep well.,I'm just really tired today cuz I didn't sleep well.
Did you see the new movie that just came out?,"Yo, did you peep the new flick that just dropped?"
"Hey, do you want to hang out after school?","Yo, wanna chill after class?"
I'm really excited to go to the concert tonight.,I'm so hyped for the concert tonight!
I'm just going to chill at home and watch some movies tonight.,I'm just gonna chill at home and watch some movies tonight.
I'm just going to chill at home and watch some shows.,I'm just gonna chill at home and watch some shows.
I'm really excited for the party tonight.,I'm so hyped for the party tonight!
I'm really excited to chill with my friends tonight.,I'm soooo hyped to hang with my squad tonight!
"Hey, do you want to grab something to eat later?","Yo, wanna catch a snack later?"
"Hey, did you finish your homework?","Yo, did you peep your homework yet?"
I'm going to grab some food with my friends later.,I'm gonna grab some food with my friends later.
I'm just relaxing at home and watching some videos.,I'm just vibing at home and streaming some vids.
"Hey, are you free this afternoon to hang out?","Yo, you vibing this arvo to chill?"
I'm going to grab some coffee with my friends today.,I'm gonna grab some coffee with my friends today.
"Hey, did you see that new movie last night?","Yo, did you catch that new flick last night?"
I'm really tired because I stayed up too late last night.,I'm really tired cuz I stayed up too late last night.
I'm just planning to hang out with friends this afternoon.,"OOTD, just vibing with the crew today, no cap."
I'm going to grab some coffee before I head to class.,I'm gonna grab some coffee before I head to class.
I'm just going to relax at home tonight.,I'm just gonna relax at home tonight.
I'm just really tired today because I didn't sleep well last night.,I'm just really tired today cuz I didn't sleep well last night.
"Hey, did you see the new movie everyone's talking about?","Yo, did you peep that fresh flick everyone's buzzin' about?"
"I'm really tired today, so I think I'll just stay in and relax.","I'm hella drained today, so I'm just gonna chill at home and vibing."
I'm really excited to hang out with my friends tonight.,I'm super hyped to chill with my squad tonight!
I'm just going to stay home and relax today.,I'm just gonna stay home and relax today.
I'm really tired today because I didn't get enough sleep.,I'm really tired today cuz I didn't get enough sleep.
I'm just really tired today and want to stay home.,I'm hella beat today and just wanna chill at home.
"I'm really tired today, so I think I'll just stay home and relax.","I'm super wiped today, so I'm just vibing at home and chilling."
I'm going to grab some coffee with my friends later.,I'm gonna grab some coffee with my friends later.
I'm just hanging out with my friends at the park after school.,"Chillin' with my crew at the park after class, no cap."
I was just about to leave the house when I remembered I left my phone inside.,"I was finna dip, then I remembered I left my phone chillin' inside."
I really like hanging out with my friends after school.,"I'm vibing with my crew after school, fr."
I'm just chilling at home and watching some shows.,"I'm just vibin' at home, binge-watching some shows."
I noticed that the new cafe opened downtown yesterday.,"Yo, saw that new chill spot pop up downtown yesterday!"
"I'm really tired today, so I think I'll just relax at home.","I'm super drained today, so I'm just gonna chill at home."
I'm going to grab some coffee with my friend later.,I'm gonna grab some coffee with my friend later.
"Hey, I just finished my homework and I'm ready to chill.","Yo, just knocked out my homework and I'm all set to vibe."
I'm just going to grab some coffee before heading to work.,I'm just gonna grab some coffee before heading to work.
I'm just going to grab a quick coffee before work.,I'm just gonna grab a quick coffee before work.
"Hey, do you want to hang out this afternoon?","Yo, wanna kick it today?"
"I'm just really tired today, so I think I'll stay home and relax.","I'm mad drained today, so I'm just chillin' at home and vibin'."
"Hey, did you see the new movie everyone is talking about?","Yo, did you peep the new flick everyone's hyped about?"
I'm just going to chill at home and watch some TV tonight.,I'm just gonna vibe at home and binge some shows tonight. They're gonna be lit!
"Hey, are you free to hang out tonight?","Yo, you down to chill tonight?"
I'm going to grab some coffee before heading to class.,I'm gonna grab some coffee before heading to class.
I'm just so tired after a long day at work.,"I'm straight up drained after a crazy long day at work, no cap."
"Hey, I think I forgot my homework at home today.","Yo, I totally left my homework at the crib today."
I'm just feeling a little tired after a long day at work.,I'm kinda wiped after a long day at the grind.
I'm just going to chill at home and watch some Netflix.,"I'm just gonna vibing at home and binge some Netflix, no cap."
I'm really tired because I stayed up late watching videos.,I'm really tired cuz I stayed up late watching videos.
"Hey, do you want to grab dinner tonight?","Hey, do you wanna grab dinner tonight?"
"Hey, do you want to hang out later and grab some coffee?","Hey, do you wanna hang out later and grab some coffee?"
"Hey, did you see that new movie everyone's talking about?","Yo, did you peep that new flick everyone's hyped about?"
"Hey, let's meet up at the cafe later and catch up.","Yo, let's slide to the café later and vibe.zz"
I'm just going to hang out with my friends this afternoon.,I'm just gonna vibe with my friends later.
I'm really excited about hanging out with my friends this weekend.,"I'm hyped to chill with my crew this weekend, fr fr!"
I'm really tired after studying all day.,I'm completely 🥱 after grinding all day.
"Hey, I'm really tired today, so I think I'll just stay home and relax.","Yo, I'm hella drained today, so I'm just gonna chill at home and vibe."
"Hey, did you see that new movie everyone is talking about?","Yo, did you catch that new flick everyone's vibing over?"
I'm just really tired today and feeling a bit bored.,I'm mad tired today and vibing in boredom.
"Hey, did you see that new movie yesterday?","Yo, did you catch that fresh flick yesterday?"
I'm thinking about grabbing some coffee before heading out.,Lowkey tryna snag some coffee before I dip.
"Hey, I just finished my homework and I'm ready to hang out with friends.","Yo, justwrapped my homework and I'm totally down to kick it with the squad."
I'm just going to chill at home and watch some movies tonight.,I'm just gonna chill at home and watch some movies tonight.
"Hey, are you free to hang out this weekend?","Yo, you down to chill this weekend?"
I'm really tired after school today.,I'm mad drained after school today.
I'm just going to chill at home and watch some movies today.,I'm just gonna vibe at home and binge some flicks today.
I'm just relaxing at home tonight.,"Just chillin' at home tonight, no cap."
"Hey, are you free to hang out after school?","Yo, are you down to chill after class?"
I'm just going to grab some coffee before I head to class.,I'm just gonna snag some coffee before I bounce to class.
"Hey, do you want to hang out at the mall this afternoon?","Yo, wanna vibe at the mall later?"
I'm just going to grab some coffee before heading to class.,I'm just gonna grab some coffee before heading to class.
"Hey, do you want to grab lunch later?","Yo, wanna hit up lunch later?"
That movie was really interesting and funny.,That flick was mad funny and cool fr!
I'm just trying to relax and have a good time this weekend.,I'm just tryna chill and vibe out this weekend.
I'm going to grab some coffee with my friends this afternoon.,I'm gonna grab some coffee with my friends this afternoon.
"Hey, do you want to grab some ice cream later?","Hey, do you wanna grab some ice cream later?"
I'm really tired after those long errands today.,I'm hella drained after running all those errands today.
I just finished my homework and I'm feeling pretty good about it.,I just bossed my homework and I'm vibing with it.
"Hey, I just finished my homework and I feel so relieved.","Yo, just knocked out my homework and I'm vibing so hard right now!"
"Hey, I've got to leave early today because I have an appointment.","Yo, I gotta bounce early today 'cause I got an appointment."
"Wow, I really like that new song you recommended.","Yo, that new song you sent is fire, I'm obsessed!"
I'm really excited to go to the concert tonight!,I'm totally hyped to hit up the concert tonight! 🔥
I'm going to grab some coffee after work to relax.,I'm gonna grab some coffee after work to relax.
I'm so tired after studying all night.,I'm hella drained after pulling an all-nighter.
"Hey, I'm just chilling at home and watching some Netflix.","Hey, I'm just vibing at home and binging some Netflix."
I'm heading to the mall to hang out with my friends.,I'm gonna slide to the mall to chill with my peeps.
"I'm really tired after studying all day, I just want to relax now.","I'm really tired after studying all day, I just wanna relax now."
I'm really tired today because I stayed up late watching videos.,I'm really tired today cuz I stayed up late watching videos.
I'm just going to grab some coffee and then head to the mall.,I'm just gonna grab some coffee and then head to the mall.
"Hey, I just finished my homework and I'm going to chill for a bit.","Hey, I just finished my homework and I'm gonna chill for a bit."
"I'm really tired after working all day, I just want to relax now.","I'm really tired after working all day, I just wanna relax now."
I'm just going to relax at home this weekend.,I'm just gonna relax at home this weekend.
I'm just going to grab some coffee and then head to work.,I'm just gonna grab some coffee and then head to work.
I'm just tired and want to relax at home tonight.,I'm just tired and wanna relax at home tonight.
"I'm feeling pretty tired today, so I think I'll just stay home and relax.","I'm lowkey drained today, so I'm just chillin' at home to vibe."
I'm going to grab some coffee before heading to work.,I'm gonna grab some coffee before heading to work.
I'm going to hang out with my friends this afternoon.,I'm gonna hang out with my friends this afternoon.
I'm just trying to finish my homework before dinner.,"I'm just tryna wrap up my homework before dinner, no cap."
I'm just going to chill at home and listen to some music.,I'm just gonna vibe at home and crank some tunes.
I just finished my homework and I'm feeling pretty tired.,Just wrapped my homework and I'm lowkey drained rn.
I'm just going to relax at home and watch some movies tonight.,I'm just gonna relax at home and watch some movies tonight.
"Hey, I saw your message and I'll reply later.","Yo, saw ur msg, I'll holler back later."
I'm just trying to relax and enjoy my weekend.,I'm just vibing and chillin' through my weekend.
"Hey, let's meet up at the park later.","Yo, let's slide to the park later."
I'm just tired after a long day at work.,I'm just drained after a whole day grind.
"I'm feeling pretty tired today, so I'm just going to relax at home.","I'm hella drained today, so I'm just gonna chill at home."
I'm really tired because I didn't sleep well last night.,I'm really tired cuz I didn't sleep well last night.
"Hey, did you catch the new movie last night?","Yo, did you peep the new flick last night?"
"Hey, do you want to hang out with me this afternoon?","Yo, wanna vibe with me later today?"
I'm just trying to relax and enjoy my day.,I'm just vibing and catching good vibes today.
I'm just going to chill at home and watch some shows tonight.,I'm just gonna lounges at home and binge some shows tonight.
"Hey, I'm just going to grab some food before I head out.","Hey, I'm just gonna grab some food before I head out."
I'm just trying to relax and watch some TV after a long day.,I'm just tryna chill and binge some shows after a long grind.
I'm just feeling a little tired today.,"I'm straight-up vibin', kinda drained today."
I'm just going to relax at home and watch some shows.,I'm just gonna relax at home and watch some shows.
"Hey, I'm just chilling at home and watching some videos.","Yo, I'm just vibing at home and streaming some vids."
"Hey, do you want to hang out at the mall later?","Hey, do you wanna hang out at the mall later?"
"I'm really tired today, so I think I'll stay home and relax.","I'm mad wiped today, so I'm just chillin' at home and vibing."
I'm just going to chill at home and watch some TV.,I'm just gonna vibe at home and binge some shows.
"I'm really tired after a long day, but I still want to hang out with my friends.","I'm mad drained after a long day, but I lowkey wanna chill with my crew."
I'm going to grab a coffee before work.,I'm gonna grab a coffee before work.
"Hey, I saw your new haircut today, and it looks really cool!","Yo, saw your new do today, and it's mad sick!"
I'm just really tired after a long day.,I'm hella drained after a wild day.
"I'm really tired today, so I just want to relax at home.","I'm really tired today, so I just wanna relax at home."
"Hey, did you see that new movie everyone's talking about?","Yo, did you peep that new flick everyone's vibing about?"
"Hey, do you want to grab lunch together today?","Yo, wanna slide out for some lunch today?"
I'm going to grab some coffee before I head to school.,I'm gonna grab some coffee before I head to school.
I'm just going to relax and watch some YouTube videos.,I'm just gonna relax and watch some YouTube videos.
"Hey, have you seen that new movie everyone's talking about?","Yo, have you peeped that new flick everyone's vibin' on?"
"Hey, do you want to grab some lunch after school?","Yo, wanna snag some lunch after class?"
I'm feeling really tired today and just want to relax at home.,"I'm super woke and just wanna chill at my crib today, lowkey exhausted."
I'm just really tired today and think I might stay home.,"I'm mad exhausted today, probably just gonna ghost at home."
I'm just going to relax and watch some TV tonight.,I'm just gonna relax and watch some TV tonight.
I'm just going to grab some lunch before heading to work.,I'm just gonna grab some lunch before heading to work.
I'm really excited about the concert tonight!,I'm totally hyped for the concert tonight!
I'm really tired today because I stayed up too late last night.,I'm really tired today cuz I stayed up too late last night.
"I'm really tired after the long day, so I just want to relax and watch some TV.","I'm totally drained after today, just wanna chill and binge some shows."
I was just relaxing at home and watching some TV.,"I was just vibing at home, bingeing some shows, no cap."
I'm just relaxing at home and watching some shows.,"Chillin' at home, vibing with some Netflix, no cap."
I'm just going to grab some coffee before we head out.,I'm just gonna grab some coffee before we head out.
I'm just chilling at home and watching some YouTube.,"I'm just vibing at home and binge-watching some YouTube, no cap."
"Hey, I'm going to grab some coffee later. Do you want to come along?","Hey, I'm gonna grab some coffee later. Do you wanna come along?"
I'm really excited about tomorrow's game.,I'm hyped for the game tomorrow!
"Hey, do you want to hang out tonight?","Yo, wanna vibe tonight?"
I'm just going to relax at home tonight and watch a movie.,I'm just gonna relax at home tonight and watch a movie.
I was just relaxing at home and watching some videos.,"I was just chillin' at home, vibing with some vids."
I'm just trying to relax and hang out with friends tonight.,I'm just tryna chill and vibe with my crew tonight.
"Hey, do you want to grab some coffee after school?","Yo, wanna hit up Starbucks after class?"
"Hey, do you want to hang out at the mall today?","Yo, you down to vibe at the mall today?"
I'm feeling really tired after that long day at work.,"I'm dead exhausted after that long grind, fr."
I'm going to meet my friends at the mall later.,I'm gonna meet my friends at the mall later.
I'm heading out to get some coffee with my friends.,I'm off to grab some java with my squad ☕🔥
"I'm really tired today, I think I just want to stay home and relax.","I'm mad tired today, just wanna chill at home and vibe out."
"Hey, did you see the new movie that came out yesterday?","Yo, did you peep the new flick that dropped yesterday?"
I'm going out to grab some coffee with my friends.,I'm bouncing to get some java with my squad.
"Hey, are you free to hang out later after school?","Yo, you chillin' to hang out later after school?"
I'm going to grab some coffee before class.,I'm gonna grab some coffee before class.
I'm just going to grab some lunch with my friends later.,I'm just gonna grab some lunch with my friends later.
I'm probably going to stay home and watch some movies tonight.,I'm probably gonna stay home and watch some movies tonight.
I'm really tired today after staying up all night studying.,I'm hella exhausted today 'cause I pulled an all-nighter studiyng.
"Hey, I forgot my keys at home this morning.","Bruh, I left my keys at home today, no cap!"
"Hey, I just finished my homework and I'm ready to relax.","Yo, just knocked out my homework, now I'm chillin' ✌️."
"Hey, I saw her at the mall earlier today.","Yo, I peeped her at the mall earlier today."
"Hey, do you want to grab some lunch later?","Hey, do you wanna grab some lunch later?"
"I'm just chilling at home, watching some movies.","I'm just vibing at home, catching some flicks."
I'm going to grab some coffee with my friend tomorrow.,I'm gonna grab some coffee with my friend tomorrow.
"Hey, I just finished my homework and I'm ready to hang out.","Yo, just slapped that homework and I'm out here vibing now."
I'm really tired today because I didn't get enough sleep.,I'm really tired today cuz I didn't get enough sleep.
"Hey, are we still on for the movie tonight?","Yo, are we still vibing for the movie tonight?"
I'm going to grab a coffee with my friends later.,I'm gonna grab a coffee with my friends later.
"Hey, I was thinking about going shopping later.","Yo, I'm vibing with the idea of hitting the mall later, fr."
"I'm feeling really tired today, so I think I'll just stay home and relax.","I'm hella drained today, so I'm just gonna chill at home and vibe."
I'm just tired from studying all night.,I'm hella exhausted after pulling an all-nighter.
I'm just going to chill at home tonight and watch some Netflix.,I'm just gonna chill at home tonight and watch some Netflix.
I'm just tired and not in the mood to go out tonight.,I'm sooo drained and not vibing to go out tonight.
I'm really excited for the concert this weekend!,I'm super hyped for the concert this weekend!
I'm just going to relax and watch some Netflix tonight.,I'm just gonna relax and watch some Netflix tonight.
I'm going to grab some snacks and watch a movie tonight.,I'm gonna grab some snacks and watch a movie tonight.
I'm just hanging out with my friends this afternoon.,I'm just vibing with my crew this arvo.
I'm just going to relax and watch some videos this afternoon.,I'm just gonna chill and scroll through vids today.
I'm really tired after working all day and just want to relax.,I'm really tired after working all day and just wanna relax.
I just finished my homework and I'm going to relax for a bit.,I just finished my homework and I'm gonna relax for a bit.
I'm just really tired and want to relax after a long day.,I'm just really tired and wanna relax after a long day.
I'm really tired after staying up all night studying.,I'm hella drained 'cause I pulled an all-nighter studying.
"Hey, do you want to grab lunch together later?","Yo, wanna bounce and get some grub later?"
I'm just heading to the store to pick up some snacks.,I'm just vibing to the store to snag some snacks.
"Hey, did you see the new movie yesterday?","Yo, did you peep the new flick yesterday?"
I'm really tired today after working all morning.,"I'm hella drained after grindin' all morning, ngl."
"Hey, do you want to go grab some coffee after school?","Yo, wanna dip for some coffee after class?"
I'm going to grab some food with my friends this afternoon.,I'm gonna grab some food with my friends this afternoon.
I'm really excited because my favorite band is coming to town this weekend.,I'm really excited cuz my favorite band is coming to town this weekend.
"Hey, I just finished my homework and I'm about to relax for a bit.","Yo, just crushed my homework and now I'm chillin' for a sec."
I'm going to grab a coffee with my friend later.,I'm gonna grab a coffee with my friend later.
I'm just going to grab some coffee and then head to the library.,I'm just gonna grab some coffee and then head to the library.
"I'm really tired after a long day, I just want to relax.","I'm so drained after today, just wanna chill and kick back."
I'm just going to relax at home and watch some movies today.,I'm just gonna relax at home and watch some movies today.
I'm going to hang out with my friends at the mall later.,I'm gonna hang out with my friends at the mall later.
"Hey, I saw you at the mall yesterday and you looked really cool.","Yo, I peeped you at the mall yesterday and you were fire legit!"
"I'm just chilling at home, watching some videos online.","I'm just vibing at home, scrolling through vids online."
I'm so tired after staying up all night studying.,I'm mad zapped after pulling a midnight cram sesh.
I'm just really tired today and not in the mood to do anything.,"I'm so drained today, not tryna do anything rn."
I'm just going to hang out with some friends tonight.,I'm just gonna hang out with some friends tonight.
I'm thinking about going to the mall later to hang out with my friends.,I'm thinking about gonna the mall later to hang out with my friends.
I'm really excited to see my friends later today.,I'm super hyped to hang with my crew later! 🔥
I'm just going to grab some coffee and relax at home.,I'm just gonna grab some coffee and relax at home.
I'm feeling really tired today and just want to relax.,I'm dead tired today and just wanna chill out.
"I'm just sitting at home, relaxing and watching some TV.","I'm chillin' at home, vibing and binge-watching some shows."
I'm just going to grab a coffee and relax for a bit.,I'm just gonna grab a coffee and relax for a bit.
"I'm feeling really tired today, so I think I'll just stay home and relax.","I'm dead tired today, so I'm just gonna chill at home and vibe."
I can't believe how hot it is today!,"No cap, it's blazing today!"
I just bought a new hoodie and I love how cozy it feels.,"Just copped a fresh hoodie and it's mad comfy, no cap!"
I'm so tired today because I stayed up late watching movies.,I'm so tired today cuz I stayed up late watching movies.
"Hey, I just got back from the store and bought some snacks.","Yo, just hit the store and snatched some snacks, fr fr!"
I'm going to grab lunch with my friends later.,I'm gonna grab lunch with my friends later.
I'm just going to hang out with my friends at the mall today.,I'm just gonna hang out with my friends at the mall today.
I'm really happy because I got a new phone yesterday.,I'm really happy cuz I got a new phone yesterday.
I'm just going to chill at home this weekend.,I'm just gonna vibe at home this weekend.
"Hey, are you going to the cafe later?","Hey, are you gonna the cafe later?"
I'm really tired today and just want to stay in and relax.,"I'm mad tired today, just wanna chill at home and vibe."
"Hey, I just finished studying for my test and I feel pretty good about it.","Yo, just wrapped my cramming sesh for the test and I'm vibing."
"I'm really tired today, so I think I'll just stay home and relax.","I'm totally dead today, so I'm just gonna chill at home and veg out."
I'm really tired after a long day of work.,I'm super drained after a whole day grind.
"Hey, do you want to go to the movies tonight?","Yo, wanna hit the movies tonight?"
"Hey, do you want to grab a snack after school?","Hey, do you wanna grab a snack after school?"
Let's grab some coffee and chill at the park.,"Yo, let's get some java and vibey at the park, fr."
I'm just trying to relax at home after a long day.,"I'm just vibing at home after a whole day, no cap."
"Hey, do you want to grab some food later?","Yo, wanna hit up some munchies later?"
I'm really tired today and just want to stay home.,I'm hella drained today and just wanna vibe at home.
"Hey, I just finished my homework and I'm really tired.","Yo, just wrapped up my homework and I'm deadass exhausted."
I'm just going to chill at home and watch some YouTube videos.,I'm just gonna vibe at home and binge some YouTube vids.
I'm going to the grocery store to buy some food.,I'm gonna the grocery store to buy some food.
"Hey, I'm going to grab some coffee before work.","Hey, I'm gonna grab some coffee before work."
I'm really tired after working all day today.,"I'm so drained after grinding all day, fr."
I'm just going to relax and watch some videos tonight.,I'm just gonna relax and watch some videos tonight.
"I'm really tired, I think I'll just stay home and relax today.","I'm dead tired, lowkey just gonna chill at home today."
"Hey, are you going to the party tonight?","Hey, are you gonna the party tonight?"
I'm so tired after the long day at work.,I'm totally drained after grinding all day at work.
I'm just going to relax at home and listen to some music.,I'm just gonna relax at home and listen to some music.
I'm really excited for the weekend to hang out with my friends.,I'm so hyped for the weekend to flex with my squad.
"Hey, I just finished my homework and I'm ready to chill.","Yo, I just knocked out my homework and I'm all set to vibe."
"Hey, I just saw a really cool video online.","Yo, just peeped a sick vid online!"
"Hey, I was just sitting outside and enjoying the nice weather.","Yo, I was chillin' outside and vibing with the good weather."
I'm just going for a walk in the park to relax.,I'm just vibing with a walk in the park to chill.
"Hey, are you free to grab coffee later?","Yo, are you down to grab some coffee later?"
I'm going to the mall to hang out with my friends.,I'm gonna the mall to hang out with my friends.
I'm really tired today because I didn't sleep well last night.,I'm really tired today cuz I didn't sleep well last night.
I'm just feeling pretty tired today.,I'm vibing kinda exhausted today.
I'm just trying to relax and watch some videos tonight.,I'm just tryna chill and binge some vids tonight.
I'm really tired today so I think I want to stay home and relax.,I'm really tired today so I think I wanna stay home and relax.
I'm really excited to go to the new cafe downtown.,"I'm super hyped to hit up the new spot downtown, it's gonna be fire!"
"Hey, do you want to grab a bite to eat later?","Yo, wanna catch some grub later?"
I'm just really tired today and feel like staying in bed.,"I'm mad drained today and just wanna click 'snooze' on life, fr."
I'm just trying to get through the day and stay positive.,I'm just vibing through the day and keeping it chill.
"I'm really tired after a long day, so I'm just going to relax at home.","I'm really tired after a long day, so I'm just gonna relax at home."
I'm really excited about the concert this weekend!,"OMG, I'm so hyped for the concert this weekend!"
I'm just relaxing at home and watching some Netflix.,"I'm just chillin' at home and binging some Netflix, no cap."
"Hey, I just got back from the mall with my friends.","Yo, just dipped from the mall with my squad, fr fr."
I can't believe how busy I am today.,I can't believe how busy I'm today.
I'm really tired today because I didn't get much sleep last night.,I'm really tired today cuz I didn't get much sleep last night.
"Hey, I just saw my favorite band perform live last night.","Yo, I just caught my fave band live last night, it was lit!"
I'm really tired today because I didn't get enough sleep last night.,I'm really tired today cuz I didn't get enough sleep last night.
I'm just really tired today and don't feel like going out.,"I'm so drained today, I'm not tryna step out, fr."
I'm just going to relax and watch some TikTok videos.,I'm just gonna relax and watch some TikTok videos.
I'm going to hang out with my friends at the park later.,I'm gonna hang out with my friends at the park later.
I'm just grabbing some coffee before work.,Gonna sip some coffee real quick before vibe at work.
I'm just really tired today and feel like staying in instead of going out.,"I'm deadass exhausted today, so I'm just chillin' at home instead of hitting the town."
I'm really excited about the new game coming out tomorrow.,"Bro, I'm hyped for the new game dropping tomorrow!"
Are you going to the party tonight?,Are you gonna the party tonight?
I'm just really tired after working all day.,"I'm evished after grindin' all day, fr fr."
"Hey, did you see the new movie that just came out yesterday?","Yo, did y'all peep the new flick that Dropped yesterday?"
I'm just going for a walk to clear my head.,I'm just vibing with a little walk to clear my mind.
"Hey, do you want to grab a quick coffee later?","Yo, wanna snag a quick coffee l8r?"
I'm just really tired today because I stayed up too late last night.,I'm hella drained today 'cause I pulled an all-nighter last night.
I'm just really tired from studying all night.,"I'm hella drained after pulling an all-nighter, fr."
I'm really tired today and just want to relax at home.,I'm really tired today and just wanna relax at home.
I'm just going to relax and watch some TV today.,I'm just gonna relax and watch some TV today.
I'm really tired today and I just want to relax at home.,I'm really tired today and I just wanna relax at home.
Are you coming to the party tonight?,You pulling up to the party tonight?
I'm just pretty tired after a long day at work.,I'm mad drained after a whole day at the grind.
I'm just going to hang out with friends this weekend.,I'm just gonna hang out with friends this weekend.
"Hey, are you coming to the party this weekend?","Yo, are you hitting up the party this weekend?"
"That movie was really good, I loved it!","That flick was a vibe, I mess with it!"
I'm just really tired today and feel like relaxing at home.,"I'm super drained today and just wanna chill at home, fr."
I'm really tired today because I didn't get much sleep.,I'm really tired today cuz I didn't get much sleep.
I'm just going to relax at home today.,I'm just gonna relax at home today.
"Hey, I saw your new video and it was really funny!","Yo, I saw your new vid and it was totally hilarious!"
"Hey, I just finished my homework and I'm going to relax for a bit.","Hey, I just finished my homework and I'm gonna relax for a bit."
I'm just really tired after a long day at school.,"I'm so drained after a whole day of classes, fr."
I'm so excited to hang out with my friends tonight.,I'm suuuper hyped to chill with my squad tonight.
I'm just really tired today and feeling kind of down.,I'm hella dead tired today and lowkey vibing with the gloom.
"Hey, I just want to relax at home today.","Hey, I just wanna relax at home today."
"Hey, do you want to grab coffee after school?","Yo, wanna hit up some coffee after class?"
I'm feeling pretty tired today because I didn't sleep well.,I'm feeling pretty tired today cuz I didn't sleep well.
"I'm really tired today, so I think I'll just stay home and chill.","I'm hella drained today, so I'm just gonna Netflix and vibes at home."
I'm just trying to finish my homework before I go out with friends.,I'm just tryna knock out my homework before I slide with my squad.
I'm just going to grab a quick snack before I start studying.,I'm just gonna grab a quick snack before I start studying.
"Hey, I need to finish my homework before I go out with my friends.","Yo, I gotta grind on my homework before I dip with the crew."
I'm going to grab a coffee before heading to work.,I'm gonna grab a coffee before heading to work.
"Hey, I think I might skip the party tonight.","Yo, I might dip the party tonight, fr fr."
I'm really excited for the movie tonight!,I'm totally hyped for the movie tonight!
"Hey, did you see the new episode of that show last night?","Yo, did you catch the new ep of that show yesterday? 😂"
I'm just going to relax at home this evening.,I'm just gonna relax at home this evening.
I'm just hanging out with my friends at the coffee shop.,I'm just chillin' with my squad at the coffee spot.
"Hey, I'm really tired today and just want to relax.","Yo, I'm hella drained today and just wanna chill, fr fr."
I'm going to grab some snacks before the movie starts.,Gonna snag some snacks before the film kicks off.
I'm just relaxing at home and watching a movie.,"I'm chillin' at home, vibing with a flick."
"Hey, do you want to go to the mall later?","Hey, do you wanna go to the mall later?"
I'm just going to chill at home tonight and watch some movies.,I'm just gonna vibe at home tonight and binge some flicks.
I'm just really tired today and don't feel like doing anything.,"I'm hella exhausted today and not tryna do anything, fr."
I'm really tired today because I stayed up all night studying.,I'm really tired today cuz I stayed up all night studying.
"Hey, I just saw a really cool new movie last night.","Yo, I caught the dopest new flick last night, fr fr."
"Hey, I just got done with my homework and I'm feeling pretty good.","Yo, I just finished my homework and I'm vibing hard."
I'm just going to grab a snack before class.,I'm just gonna grab a snack before class.
"I'm really tired today, so I think I might just stay in and relax.","I'm absolutely drained today, so I'm just gonna chill at home and vibe."
I'm really excited about the upcoming concert this weekend.,I'm so hyped for the concert this weekend!
I'm just thinking about what to do this weekend.,I'm just vibing about what to do this weekend.
"Hey, are you free to hang out later today?","Yo, you free to flex later?"
I'm going to grab some food before the movie starts.,I'm gonna grab some food before the movie starts.
I just bought a new pair of sneakers for school.,I just copped fresh kicks for class. 😎
"Hey, I think I'm going to grab some coffee before class.","Hey, I think I'm gonna grab some coffee before class."
I'm just going to hang out with friends this afternoon.,I'm just gonna hang out with friends this afternoon.
I'm going to the store to buy some snacks.,I'm gonna the store to buy some snacks.
I was really tired after a long day at work.,"I was totally wiped after a long day at work, fr."
I'm just going to relax at home and watch some TV today.,I'm just gonna chill at home and binge some shows today.
"I'm just really tired today, I think I need some rest.","Lowkey exhausted today, I gotta catch some Z's."
I'm exhausted after a long day at work.,I'm totally wiped after a long day grind.
"Hey, I just saw my friend at the mall.","Yo, just peeped my homie at the mall, fr fr!"
I'm heading to the cafe to grab some coffee.,"Yo, I'm heading to the café for some brews, no cap!"
I'm so tired after a long day at work.,"I'm so drained after a mega long shift, fr."
"I'm really tired after a long day, so I just want to relax and watch some TV.","I'm really tired after a long day, so I just wanna relax and watch some TV."
Did you see the new movie last night?,"Yo, peep the new flick last night?"
I'm planning to chill with my friends this weekend.,"I'm just gonna bloque with my squad this weekend, no cap."
I'm really excited to go out and hang out with my friends tonight.,I'm super hyped to flex with my squad tonight!
I'm just going to chill at home this evening.,I'm just gonna chill at home this evening.
I'm just going to hang out with my friends at the mall tonight.,I'm just gonna hang out with my friends at the mall tonight.
I'm just hanging out with my friends after school.,I'm just vibing with my squad after class.
"Hey, did you watch the new episode of that show last night?","Yo, did you peep the new episode of that show last night?"
Let's meet up for coffee tomorrow.,"Yo, hit me up for some coffee tmrw, no cap!"
"Hey, I just finished my homework and I'm feeling pretty good.","Yo, just peeped my homework done and I'm vibing hard."
I'm just going to relax at home after school.,I'm just gonna relax at home after school.
I'm just going to grab a coffee before heading to class.,Gonna vibe with some coffee real quick before hitting up class.
"Hey, do you want to hang out at the park later?","Yo, wanna chill at the park later? 😎"
I'm just taking a quick break before I get back to studying.,Just vibing for a sec before I gotta get back to grinding on homework.
"Hey, do you want to grab some coffee after work?","Hey, do you wanna grab some coffee after work?"
"Hey, I was just thinking about grabbing some lunch later.","Yo, I'm lowkey tryna snag some grub later, fr fr."
"Hey, I just got back from the grocery store and I'm exhausted.","Yo, I just hit the grocery run and I'm completely drained!"
"Hey, did you see the new movie everyone's talking about?","Yo, did u peep the new flick everyone's losing their minds over?"
I'm going to grab a coffee to start my day.,I'm gonna grab a coffee to start my day.
"Hey, I just finished my homework and I'm so tired.","Yo, just wrapped up my homework and I'm so wiped."
"Hey, did you finish your homework today?","Yo, did you peep your homework today or what?"
"Hey, do you want to hang out this evening?","Yo, wanna vibe and chill tonight?"
"Hey, I was just thinking about grabbing some coffee later.","Yo, I'm just vibing on the idea of grabbing some java later."
I'm just trying to relax and watch some videos after a long day.,I'm just tryna chill and vibe with some vids after a hectic day.
"Hey, I'm just going to grab a coffee before work.","Hey, I'm just gonna grab a coffee before work."
I'm really excited to hang out with my friends tomorrow.,I'm super hyped to chill with my squad tomorrow.
"Hey, let's meet up later to hang out.","Yo, let's link up later and vibe!"
I just finished my homework and I'm feeling really tired.,Just wrapped up my homework and I'm MAD drained.
I'm so tired today because I didn't sleep well last night.,I'm so tired today cuz I didn't sleep well last night.
I'm going to grab some coffee with my friends after work.,I'm gonna grab some coffee with my friends after work.
"Hey, I saw you at the cafe this morning.","Yo, I spotted you at the cafe this morning, fr fr."
I'm really excited for the weekend because I get to hang out with my friends.,I'm hella hyped for the weekend 'cause I'm gonna chill with my squad.
I'm just going to chill at home and watch some videos.,I'm just gonna vibe at home and scroll some vids.
"Hey, I'm really tired today after working all morning.","Yo, I'm totally wiped after grinding all morning."
I'm just going to hang out with my friends after school.,"I'm just gonna chill with my squad after school, no cap."
"Hey, do you want to go out and grab some food later?","Yo, wanna hit up some eats later?"
I'm just going to grab a snack before I start studying.,I'm just gonna grab a snack before I start studying.
I'm really tired because I stayed up late studying last night.,I'm really tired cuz I stayed up late studying last night.
I'm really tired and don't want to go out tonight.,I'm really tired and don't wanna go out tonight.
I'm just going to grab some coffee and chill at the park.,I'm just gonna peep some coffee and vibe at the park.
I'm thinking about grabbing a coffee and then hanging out with some friends.,"I'm contemplating a coffee run and bouncing with my friends afterward, no cap."
I'm meeting my friends at the cafe later today.,"Yo, I'm linking up with my squad at the cafe later, no cap!"
"I'm really tired after a long day, so I just want to relax at home.","I'm really tired after a long day, so I just wanna relax at home."
That new song is really good!,That new bop is straight fire!
I'm just going to relax and watch some videos this evening.,I'm just gonna relax and watch some videos this evening.
I'm just going to grab some coffee and then head to the store.,I'm just gonna snag some coffee and then bounce to the store.
I can't believe I forgot my phone at home today.,"Bruh, I lowkey left my phone home today, no cap."
"Hey, I need to finish my homework before I hang out with my friends.","Yo, I gotta peep this homework fam before I vibe with my crew."
"I'm feeling really tired today, I might just stay home and relax.","I'm hella drained today, might just vibe at home and chill."
"I'm really tired today, I think I need to rest.","I'm mad drained today, I gotta catch some Z's."
"Hey, do you want to hang out later today?","Yo, you tryna vibe later?"
I'm going to the store to grab some snacks.,I'm gonna the store to grab some snacks.
"Hey, do you want to catch a movie tonight?","Hey, do you wanna catch a movie tonight?"
I'm really excited about hanging out with my friends tomorrow.,"Yo, I'm super hyped to chill with my crew tomorrow!"
"Hey, did you see how cool that new movie was?","Yo, that new film was such a vibe, did you catch it?"
I'm going to grab some coffee before I head to work.,I'm gonna grab some coffee before I head to work.
"Hey, did you finish your homework yet?","Yo, did you wrap up your homework yet?"
I'm just trying to relax after a long day at work.,I'm just vibing and chilling after a long grind.
"I'm really tired today, I think I'll stay home and relax.","I'm mad drained today, gonna chill at home and vibe."
I'm just really tired today and feel like staying in bed all day.,I'm死ass drained today and just wanna stay in bed all day lol
"I'm really tired today, but I still have to go to work.","I'm mad drained today, but I still gotta clock in."
"Hey, I just got back from the store and I'm super tired.","Yo, I just dipped from the store and I'm totally wiped, fr."
I'm really tired today because I woke up early.,I'm really tired today cuz I woke up early.
"Hey, I forgot my phone at home today.","Yo, I left my phone at home today, fr."
I'm just really tired today because I stayed up way too late last night.,I'm just really tired today cuz I stayed up way too late last night.
"I'm really tired today, so I think I'll just relax and watch some movies.","I'm totally drained today, so I just wanna chill and binge-watch some flicks."
I'm just going to chill at home all day.,I'm just gonna vibe at home all day. 🤙
"Hey, do you want to grab coffee after work?","Yo, wanna hit up some coffee after work?"
"Hey, I found a really cool new cafe downtown.","Yo, just dived into this sick new spot downtown, it's fire!"
"Hey, have you seen my phone? I can't find it anywhere.","Yo, have you peeped my phone? It's ghosting me, can't find it anywhere lol."
I'm just hanging out with friends at the park.,I'm just vibing with my friends at the park.
"Hey, do you want to go watch a movie tonight?","Yo, you tryna vibe and catch a flick tonight?"
"Hey, did you see the new poster in the hallway?","Yo, peep the fresh poster in the hall, did ya spot it?"
I'm really tired after the long day at school.,I'm absolutely drained after that long school grind.
"Hey, did you see the new episode of the show last night?","Yo, did you peep the new ep of the show last night?"
"Hey, do you want to go get some coffee later?","Yo, wanna hit up some coffee later?"
"Hey, I thought I might grab a snack before heading out.","Yo, I'm litty and might snag a snack before bouncing."
I'm just going to grab some coffee before heading to school.,I'm just gonna grab some coffee before heading to school.
I'm just trying to finish my homework before I go out with my friends.,I'm just tryna wrap up my homework before I dip with my squad.
I'm really tired today and don't want to go to the party.,I'm really tired today and don't wanna go to the party.
I'm going shopping at the mall this afternoon.,"I'm hitting the mall later, fr fr."
I'm tired because I stayed up late last night.,I'm tired cuz I stayed up late last night.
How are you feeling today?,"Yo, how you vibin' today?"
"Hey, I'm really tired today because I didn't sleep well last night.","Hey, I'm really tired today cuz I didn't sleep well last night."
I think we should grab some coffee later.,"Yo, we should peep some coffee later, fr fr."
"Hey, did you see the new movie that came out last night?","Yo, did ya catch the new flick that dropped last night?"
I'm feeling really tired after such a long day.,"I'm deadass drained after this whole day, no cap."
"Hey, I just got back from shopping and found some really cool shoes.","Yo, just hit the mall and scored some sick kicks!"
"Hey, have you seen the new movie that just came out?","Yo, have you peeped the new flick that just dropped?"
"I really like your new backpack, it looks great!","Your new backpack's totally vibing, looks sick!"
I'm really tired after my long day at work.,I'm hella drained after grindin' all day at work.
I can't believe how quickly the pizza was delivered!,"No cap, the pizza got here lightning fast!"
I'm really tired today after a long day at work.,I'm mad drained after a looong day at the 9 to 5.
I'm just really tired today and don't want to do anything.,I'm just really tired today and don't wanna do anything.
I'm feeling really tired today after working all day.,"I'm worn out after grinding all day, fr fr."
"Hey, can you help me move this weekend?","Yo, can you gimme a hand with moving this weekend? It's gonna be a whole vibe!"
"Hey, can you help me with my homework?","Yo, can you peep my homework real quick?"
I'm going shopping for groceries later.,Gonna hit the store for some snacks later fam.
I'm so tired after school today.,"I'm mad drained after school today, no cap."
I'm really tired today because I stayed up way too late last night.,"I'm totally drained today 'cause I was up all night yesterday, no cap."
"I'm really tired today, I just want to relax and watch some movies.","I'm really tired today, I just wanna relax and watch some movies."
I'm just chilling at home and listening to some music.,"I'm vibing at home, spinning some tunes. LOL"
I'm just really tired today and feeling pretty unmotivated.,I'm super drained today and totally lowkey not feeling it.
I'm so tired today because I stayed up late studying.,I'm so tired today cuz I stayed up late studying.
"I really like this new song, it's so good!","This new jam is fire, I'm obsessed!"
"Hey, do you want to grab lunch together?","Yo, wanna hit up lunch together?"
I just finished my homework and I feel pretty tired.,"Just wrapped up my homework, and I'm totally drained, no cap."
I'm just going to relax and watch some shows today.,"I'm just gonna chill and binge some shows today, no cap."
I'm feeling really tired today because I didn't sleep well last night.,I'm hella drained today 'cause I was up all night grindin' without rest.
"I'm really tired after working all day, so I just want to relax now.","I'm really tired after working all day, so I just wanna relax now."
"Hey, do you want to hang out later and watch a movie?","Yo, wanna chill later and catch a flick?"
"Hey, I'm really tired today and just want to relax at home.","Hey, I'm really tired today and just wanna relax at home."
I'm going to the grocery store to buy some snacks.,I'm gonna the grocery store to buy some snacks.
I'm just casually hanging out with my friends at the park.,"Just vibing with my squad at the park, no cap."
"I'm really tired today, I think I need some sleep.","I'm mad drained today, lowkey need a nap ASAP."
I'm really excited about the party tonight!,I'm so hyped for the bash tonight!
"Hey, do you want to hang out today?","Yo, wanna chill today? 💥"
"Hey, I just got back from the store and I found some awesome snacks!","Yo, just hit the store and snagged some fire snacks! 😎"
I'm just going to relax at home and watch some shows tonight.,I'm just gonna relax at home and watch some shows tonight.
I'm just going to chill at home today and watch some movies.,I'm just gonna chill at home today and watch some movies.
I'm just really tired today and feeling lazy.,I'm lowkey exhausted today and vibing in chill mode.
"Hey, can you help me with my homework later?","Yo, can you spot me on my homework later?"
I just got home from school and I'm really tired.,Just slid back home from school and I'm dead exhausted.
I'm just casually hanging out with my friends after school.,I'm just vibing with my friends after class.
"Hey, did you watch the new movie last night?","Yo, did y'all catch the new flick last night?"
"Hey, did you watch that new movie last night?","Yo, peep that new flick last night?"
I'm just relaxing at home and binge-watching my favorite series.,"Chillin' at my place, bingeing my fave series, no cap."
"I'm really tired today, so I think I'll just relax at home.","I'm super wiped today, so I'm just chillin' at home."
I'm really tired today after working all day.,"I'm lowkey beat after grinding all day, fr."
I'm just really tired today because I stayed up late last night.,I'm mad tired today 'cause I lowkey stayed up all night.
"Hey, I just finished my homework and I'm so tired.","Yo, I just wrapped my homework and I'm hella whipped."
I'm just chilling at home and scrolling through my phone.,I'm just vibing at home and scrolling my feed.
I'm just really tired today and want to relax at home.,I'm totally🥱 today and just wanna chill at home.
I'm really excited to see my friends this weekend.,I'm super hyped to kick it with my squad this weekend!
"Hey, do you wanna hang out this weekend?","Yo, you tryna vibe this weekend?"
I'm just going to grab some food and relax at home tonight.,I'm just gonna grab some food and relax at home tonight.
"I'm really tired after the long day, so I think I'll just relax at home.","I'm hella wiped from today, so I'm just gonna chill at home."
I'm thinking about going to the park later to relax.,I'm thinking about gonna the park later to relax.
I'm just really tired today and want to relax.,I'm totally drained today and just wanna chill.
I'm just hanging out with friends at the park today.,"Yo, just chillin' with my crew at the park today, no cap."
"Hey, do you want to grab a coffee after school?","Yo, wanna slide out for some coffee after class?"
I'm just going to go for a walk in the park to clear my head.,I'm just gonna go for a walk in the park to clear my head.
I'm just going to chill at home all day today.,"I'm just gonna veg out at home all day today, no cap."
I'm just really tired today and I don't want to do anything.,I'm just really tired today and I don't wanna do anything.
I'm really excited for the new movie tonight.,I'm super pumped for the new flick tonight!
I'm just going to chill with my friends this afternoon.,I'm just gonna chill with my friends this afternoon.
"Hey, I just finished my homework and I am so tired.","Yo, just copped my homework and I'm deadass drained."
I'm just going to relax and watch some movies tonight.,I'm just gonna relax and watch some movies tonight.
I'm just taking a walk in the park to clear my mind.,"I'm just vibing through the park to clear my head, no cap."
I'm really excited about my upcoming trip to the beach.,"I'm sooo hyped for my trip to the beach, it's gonna be lit!"
I'm just really tired today and feeling a bit down.,"I'm kinda dead today and mood's kinda off, fr."
I'm just chillin' at home after a long day.,"I'm just vibing at home after a long day, no cap."
"Hey, did you hear about the new music app that just came out?","Yo, did y'all peep the new music app that dropped?"
Can you help me with my homework later?,"Yo, can you peep my homework later?"
"Hey, do you want to grab a coffee today?","Yo, wanna hit up Starbucks today?"
"Hey, do you want to hang out at the park this afternoon?","Yo, wanna vibe at the park later?"
"Hey, want to grab lunch together later?","Yo, wanna catch some lunch later?"
I'm really tired today because I stayed up late watching shows.,I'm really tired today cuz I stayed up late watching shows.
I'm really tired today and I just want to relax.,"I'm so wiped today, just tryna chill and vibe."
I'm just heading to the grocery store to pick up some stuff.,I'm just dashing to the store to grab some snacks and stuff.
"I'm feeling really tired today, so I think I'll stay home and relax.","I'm super drained today, so I'm just chillin' at home and vibing out."
"I'm feeling really tired today, so I might just stay in and relax.","I'm super drained today, so I'm just gonna chill at home and vibing."
I'm really tired today because I didn't get much sleep last night.,I'm really tired today cuz I didn't get much sleep last night.
"Hey, do you want to grab pizza tonight?","Yo, wanna snag some pizza tonight? Let's fucc it up!"
I'm just chilling at home and watching some videos.,"I'm just vibing at home, scrolling through vids."
I'm so tired because I stayed up late last night.,I'm so tired cuz I stayed up late last night.
I'm just tired today because I didn't get enough sleep.,I'm hella drained today 'cause I didn't catch enough Z's.
"Hey, I think I'm going to grab some coffee after work.","Hey, I think I'm gonna grab some coffee after work."
I'm going to grab some food before I head out.,I'm gonna grab some food before I head out.
"Hey, I just saw a really cool movie last night.","Yo, I peeped a lit flick last night!"
I'm really tired today and just want to stay home and relax.,I'm mad exhausted today and just wanna chill at home LOL.
I'm really tired today and just want to relax after work.,"I'm hella worn out today and just wanna chill after work, fr."
I'm just going to relax and watch some YouTube videos tonight.,I'm just gonna relax and watch some YouTube videos tonight.
I'm going to the mall later to hang out with my friends.,I'm gonna the mall later to hang out with my friends.
"Hey, did you see the new movie that everyone is talking about?","Yo, did you peep that new flick everyone's lowkey vibing with?"
I'm going to grab some coffee later with a friend.,I'm gonna grab some coffee later with a friend.
"Hey, I just finished my homework and I'm feeling pretty good about it.","Yo, just wrapped up my homework and vibe check is high 🆒!"
"Hey, do you want to hang out after school today?","Hey, do you wanna hang out after school today?"
"Hey, do you want to grab a coffee after class?","Yo, wanna snag a coffee after class?"
I'm just going to grab some coffee before I start working.,I'm just gonna grab some coffee before I start working.
"Hey, did you see that new movie everyone was talking about?","Yo, did you peep that new flick everyone's vibing with?"
"I'm really tired today, so I think I'll just stay in and relax.","I'm totally wiped today, so I'm gonna chill at home and vibing."
"I'm really tired today, I just want to relax and chill out.","I'm super drained today, just wanna kick back and veg out."
I just finished my homework and I'm ready to relax.,"Just knocked out my homework, now I'm chillin' and vibin'."
"Hey, want to grab some coffee later?","Hey, wanna grab some coffee later?"
"Hey, I just got back from the store and I'm really tired.","Yo, just hit the store and I'm totally drained rn."
I'm so tired after studying all day.,I'm deadass exhausted after grinding all day.
"Hey, are you busy this weekend?","Yo, you free this weekend or what?"
I'm going to hang out with my friends tomorrow.,I'm gonna hang out with my friends tomorrow.
I'm really tired after staying up late last night.,"I'm hella drained 'cause I stayed up all night, fr fr."
I'm really excited to meet up with my friends later.,I'm so hyped to link up with my squad later!
I'm just really tired today and need to relax.,I'm mad chillin' today 'cause I'm hella drained and just wanna kick back.
"I'm just chilling at home, watching some TV.","I'm just vibing at home, Netflix and chillin'."
I think I'm going to skip the party tonight.,I think I'm gonna skip the party tonight.
I'm just going to relax at home all day today.,I'm just gonna relax at home all day today.
I'm just chilling with my friends at the park.,I'm just vibing with my crew at the park.
"I'm really tired today, so I'm just going to relax at home.","I'm totally wiped today, so I'm just gonna chill at home."
"Hey, I was just thinking about meeting up later if you're free.","Yo, was just poppin' about linking up later if you're down."
I'm just trying to get some sleep before my exam tomorrow.,I'm just tryna catch some Z's before my test tomorrow.
I'm just going to grab some coffee and then go for a walk.,I'm just gonna grab some coffee and then go for a walk.
I'm going to grab a coffee with my friends this afternoon.,I'm gonna grab a coffee with my friends this afternoon.
I'm really excited about the concert tomorrow.,I'm super hyped for the concert tomorrow!
"Hey, I'm just going to grab some coffee before work.","Hey, I'm just gonna grab some coffee before work."
I'm really excited for the weekend plans.,"Yo, I'm sooo hyped for the weekend vibes!"
I'm just trying to get through today without any problems.,"I'm just vibing through today, no cap, no stress."
"Hey, do you want to grab lunch today?","Hey, do you wanna grab lunch today?"
I'm feeling pretty tired today.,"I'm mad vibing with exhaustion today, no cap."
"Hey, do you want to hang out with me later?","Yo, wanna dip and vibe with me later?"
"Hey, did you see the new movie tonight?","Yo, did you peep the new flick tonight?"
I'm so excited for the weekend with my friends.,I'm mega hyped for the weekend with my squad!
I'm just going to grab a coffee before heading to work.,I'm just gonna grab a coffee before heading to work.
I'm just casually relaxing at home and binge-watching a new show.,I'm just chillin' at home and binge-watching some fresh new series.
I'm just going to relax and watch some videos later.,I'm just gonna relax and watch some videos later.
"Hey, I just finished my last class for the day.","Yo, just wrapped up my last class for the day, fr fr!"
I'm just really tired today.,I'm lowkey drained today.
I'm pretty tired today because I didn't sleep well last night.,I'm pretty tired today cuz I didn't sleep well last night.
I'm going to grab some coffee and then meet my friends at the park.,I'm gonna grab some coffee and then meet my friends at the park.
I'm going to grab some coffee before heading to the mall.,I'm gonna grab some coffee before heading to the mall.
I'm really tired today and just want to nap all afternoon.,I'm hella exhausted today and just wanna crash all arvo.
I'm just really tired after a busy day.,"I'm straight-up drained after a wild day, no cap."
"Hey, do you want to grab some food after school?","Yo, wanna hit up some grub after class?"
I'm going to grab a coffee with my friend tomorrow.,I'm gonna grab a coffee with my friend tomorrow.
I'm planning to just chill at home this weekend.,"I'm just vibing at home all weekend, no cap."
I'm really tired after such a long day at work.,"I'm hella drained after grinding all day, fr."
"I'm really tired today, but I still need to finish my homework.","I'm dead tired today, but I still gotta grind on my homework."
I'm just going to grab some coffee with my friends later.,I'm just gonna grab some coffee with my friends later.
I'm just chilling at the park and enjoying the sun.,I'm just vibing at the park and catching the rays.
"Hey, I really like your new shoes!","Yo, those kicks are fire, no cap!"
"Hey, I just saw a really cute dog on my walk.","Yo, just peeped the cutest pupper on my walk, fr."
"Hey, do you want to grab some pizza later?","Yo, wanna snag some pizza later?"
"I'm just really tired today, so I'm probably not going to go to the party.","I'm super drained today, so I'm prolly gonna dip on the party."
I just bought a new hoodie and it's super comfortable.,Just copped a fresh hoodie and it's mad comfy.
I'm just going to hang out with my friends downtown tonight.,I'm just gonna hang out with my friends downtown tonight.
"Hey, do you want to meet up later to hang out?","Yo, you tryna link up later to vibe?"
I'm just going to chill at home during the weekend.,"I'm just gonna hang at my place this weekend, no cap."
I'm really tired and just want to relax at home after a long day.,I'm really tired and just wanna relax at home after a long day.
I'm just trying to relax and watch some TV after a busy day.,I'm just chillin' and binge-watching after a mad busy day.
I'm feeling really tired today and just want to stay home.,I'm hella exhausted today and just wanna chill at home.
"Hey, do you want to hang out at the park today?","Yo, wanna slide to the park today?"
"Hey, I'm really tired today, I think I'll just stay home and relax.","Yo, I'm hella drained today, gonna just chill at home and vibe."
I'm just here relaxing and listening to some music.,I'm just chillin' and vibin' with some tunes.
"Hey, I'm just chilling at home and watching some movies.","Yo, I'm just vibing at home and streaming some flicks."
I'm just relaxing and listening to some music at home.,"Just vibing at home with some chill tunes, no cap."
I can't believe how tired I am after a long day at work.,"Bruh, I'm mad wiped after a whole day grind."
I'm feeling really tired today after staying up all night.,I'm totally drained today after pulling an all-nighter.
I'm just a little tired today because I stayed up late last night.,I'm just a little tired today cuz I stayed up late last night.
I'm just relaxing and listening to some music today.,I'm just chillin' and vibing with some tunes today.
"I'm really tired today, so I just want to relax and watch some TV.","I'm really tired today, so I just wanna relax and watch some TV."
"I'm really tired today, I just want to relax and watch some TV.","I'm hella drained today, just tryna chill and scroll some streams."
"Hey, did you see the new song that just dropped?","Yo, have you peeped the new track that just dropped? It's fire!"
I really enjoyed that movie last night.,"That movie last night was a vibe, fr fr."
"Hey, I saw your new haircut yesterday!","Yo, I peeped your fresh cut yesterday!"
I'm just really tired today and all I want to do is relax at home.,"I'm totally drained today and just wanna chill at home, fr."
"I'm really tired today, so I think I'm just going to chill at home.","I'm really tired today, so I think I'm just gonna chill at home."
"Hey, I saw her at the mall yesterday.","Yo, I spotted her at the mall yesterday, fr fr."
"Hey, are we still meeting up later?","Yo, are we still vibing later?"
I'm just going to grab some food before heading to class.,I'm just gonna grab some food before heading to class.
"I'm just really tired today, so I think I'll stay home and rest.","I'm totally drained today, so I'm just gonna chill at home and nap."
I'm really bored today and just want to hang out with my friends.,I'm super bored today and just wanna squad up with my friends.
"Hey, I'm really excited for the concert this weekend!","Yo, I'm mad hyped for the concert this weekend! 🔥"
"I'm feeling really tired today, I think I'll just stay at home.","I'm mad tired today, lowkey just gonna chill at home."
I'm just going to grab some food and then head to class.,I'm just gonna grab some food and then head to class.
I just got back from hanging out with my friends at the park.,"Just dipped back from chillin' with my crew at the park, fr fr."
I'm going to grab some coffee after work.,I'm gonna grab some coffee after work.
I'm just going to hang out with my friends before the movie starts.,I'm just gonna chill with my squad before the flick drops.
"Hey, I'm really tired today because I didn't sleep well.","Hey, I'm really tired today cuz I didn't sleep well."
"Hey, do you want to go out for coffee later?","Yo, wanna swipe for some coffee later?"
"Hey, I was just thinking about how cool that new song is.","Yo, that new track is straight fire, no cap!"
"Hey, do you want to grab some coffee today?","Yo, wanna hit up some coffee today?"
"I'm just chilling at home today, watching some movies.","I'm just vibing at home, binge-watching some flicks."
"Hey, I saw your message and I want to hang out later.","Yo, saw your text and I'm down to chill later, fr!"
I'm so tired today because I didn't get enough sleep.,I'm so tired today cuz I didn't get enough sleep.
I'm just going to grab some coffee before I start working on my project.,I'm just gonna grab some coffee before I start working on my project.
"Hey, I just realized I forgot my keys at home.","Yo, just peeped I left my keys vibing at home lol."
I just got back from shopping and I'm really tired.,"Just hit the mall and I'm completely drained, fr."
"Hey, did you see the new movie lately?","Yo, did you catch the new flick recently?"
"Hey, are you free this weekend to hang out?","Yo, you free this weekend to chill?"
I'm just going to grab some coffee before I head out.,I'm just gonna grab some coffee before I head out.
I'm really tired after doing so much work today.,"I'm totally drained after grindin' all day, no cap."
I'm really tired after walking all day.,I'm totally wiped after vibing all day.
I was just hanging out with my friends at the cafe.,"I was just vibin' with my crew at the cafe, fr fr."
"Hey, I just got back from the store and grabbed some snacks.","Yo, just hit the store and stacked up on snacks, fr fr!"
I'm just about to grab dinner with my friends.,"Gonna hit up my friends for some grub, fr fr."
"Hey, do you want to go out and grab some ice cream later?","Yo, wanna dip and get some ice cream later?"
"Hey, did you finish your homework already?","Yo, did you peep your homework yet or nah?"
"Hey, I saw your new outfit and it looks really nice!","Yo, I peeped your new fit and it's totally fire! 🔥"
I'm just really tired today after staying up all night.,I'm totally drained 'cause I pulled an all-nighter.
I'm feeling really tired after a long day at school.,I'm totally beat after acing that long day at school.
"Hey, do you want to go for a walk to the park?","Yo, wanna hit up the park for a stroll?"
I'm really excited to meet my friends later.,I'm super hyped to vibe with my crew later.
"I'm really tired today, so I just want to rest and watch some TV.","I'm hella drained today, just tryna chill and binge some shows."
I'm just really tired today and feel like I need a coffee.,"I'm hella exhausted today, lowkey need a coffee stat."
I'm just going to grab some coffee and then go shopping.,"Just gonna snag some coffee and hit up the mall, no cap."
"Hey, I just finished my homework and I want to relax now.","Hey, I just finished my homework and I wanna relax now."
I'm just really tired because I didn't get enough sleep last night.,I'm lowkey drained 'cause I didn't catch enough Z's last night.
I'm just excited to hang out with my friends today.,I'm so hyped to chill with my squad today.
"I'm really tired today, I didn't get much sleep last night.","I'm super drained today, barely slept last night lol."
"I'm really tired today, so I'm just going to stay home and relax.","I'm really tired today, so I'm just gonna stay home and relax."
I'm just heading to the grocery store to pick up some food.,I'm just vibing to the store to grab some snacks.
"Hey, I'm really tired today and just want to relax.","Hey, I'm hella drained today and just wanna chill vibe."
I can't believe how tired I am after a long day.,"Bruh, I'm so drained after this full-on day, no cap."
I'm just going to stay home and relax tonight.,I'm just gonna stay home and relax tonight.
I'm really excited to hang out with my friends later.,"I'm mega hyped to chill with my squad later, fr fr!"
"Hey, I'm going to grab some coffee. Want to join me?","Hey, I'm gonna grab some coffee. wanna join me?"
I'm just going to chill and watch some Netflix tonight.,I'm just gonna vibe and binge some Netflix tonight.
I'm going to hang out with my friends at the park this afternoon.,I'm gonna hang out with my friends at the park this afternoon.
"Hey, I'm just going to grab some coffee before heading to school.","Hey, I'm just gonna grab some coffee before heading to school."
"Hey, I really enjoy hanging out with my friends after school.","Yo, I'm vibing with my squad after class, fr."
"Hey, I just finished my homework and I'm feeling relaxed now.","Yo, just knocked out my homework, now I'm vibing chill."
"Hey, I just got back from the store and I found some really cool sneakers.","Yo, just hit the store and scored some sick kicks!"
I'm really tired after all that studying today.,"I'm totally drained after cramming all day, no cap."
I'm just chilling at home and binge-watching my favorite show.,"I'm just vibing at home, bingeing my fave show, no cap."
I'm just catching up on some shows today.,"I'm just vibing with some shows today, no cap."
"Hey, do you want to grab coffee with me later?","Yo, wanna tap in for coffee later?"
I'm just going to grab some food and relax at home.,I'm just gonna grab some food and relax at home.
I'm going to meet my friends at the coffee shop later.,I'm gonna meet my friends at the coffee shop later.
I just finished my homework and I was wondering if you want to hang out later.,"Just wrapped my homework, and I was lowkey tryna see if you're down to chill later."
I'm really happy that I finally finished my homework.,"I'm stoked I finally knocked out my homework, fr fr!"
"Hey, did you finish your homework last night?","Yo, did you ace your homework yesterday or nah?"
I'm just really tired from a long day at work.,"Honestly, I'm sooo drained after a whole shift at work."
That movie was really good tonight.,That flick was fire tonight!
"I'm really tired today, so I think I'll just chill at home.","I'm hella drained today, so I'm just gonna vibe at my crib."
"Hey, I'm going to grab some coffee before heading to class.","Hey, I'm gonna grab some coffee before heading to class."
Let's hang out after school tomorrow.,"Yo, let's vibe together after school tmrw!"
"I'm actually really tired today, so I think I'll just relax at home.","Yo, I'm super drained today, so I'm just gonna chill at home."
"I'm really tired today, so I think I just want to stay home and relax.","I'm really tired today, so I think I just wanna stay home and relax."
"I'm really tired today, so I think I'll just rest at home.","I'm dead tired today, so imma just chill at home."
I'm just casually hanging out with my friends at the mall.,"I'm just vibing with my crew at the mall, no cap."
I really enjoyed hanging out with my friends at the park today.,Had a lit time chillin' with my crew at the park today.
I'm really excited about the new movie tonight.,I'm hella pumped for the new flick tonight.
"Hey, do you want to grab some coffee together later?","Yo, wanna vibe and get some coffee later?"
I can't believe how busy the city is today.,"Fr, the city is posted today, so hectic!"
"Hey, that movie was really good!","Yo, that flick was straight fire!"
I'm just trying to relax and watch some movies tonight.,I'm just chillin' and binge-watching some flicks tonight.
I'm just feeling a bit tired today.,I'm kinda vibing with that sleepy energy today.
I'm really excited about the weekend plans with my friends.,I'm super hyped for the weekend squad hangout!
I'm just going for a walk to clear my mind.,"Yo, I'm just out here vibing on a walk to free my brain, no cap."
"Hey, do you want to grab lunch after school?","Yo, wanna hit up lunch after classes?"
"Hey, are you coming to the party later?","Yo, ya peepin' the party tonight or what?"
I'm going to grab some food from the cafeteria.,I'm gonna grab some food from the cafeteria.
"Hey, I was just thinking about how cool the new game is.","Yo, that new game is straight fire, no cap."
I'm feeling really tired today because I stayed up late watching a Netflix series.,I'm hella drained today 'cause I binge-watched a Netflix series all night.
I'm just going to grab a snack before I start my homework.,I'm just gonna grab a snack before I start my homework.
I'm really excited to go to the new cafe downtown tomorrow.,I'm mega hyped to hit up that new cafe downtown tomorrow!
"Hey, are you free to hang out tomorrow afternoon?","Yo, you got time to chill tomorrow arvo?"
"Wow, that concert was really fun yesterday!","Yo, that show was straight fire yesterday!"
I'm going to the mall to hang out with my friends this afternoon.,I'm gonna the mall to hang out with my friends this afternoon.
I'm just going to chill at home and watch some Netflix tonight.,I'm just gonna chill at home and watch some Netflix tonight.
I'm just really excited about the concert tonight.,I'm mad hyped for the concert tonight!
"Hey, I just finished my homework and I'm ready to relax now.","Yo, just crushed my homework, now I'm chillin' like a villain."
"I'm really tired after working all day, so I think I'll just relax at home.","I'm totally drained after grinding all day, so I'm just gonna chill at home."
"Hey, I just got back from shopping and found some really cool clothes.","Yo, just hit the mall and scored some dope fits!"
I'm going to grab some food before I go out with my friends.,I'm gonna grab some food before I go out with my friends.
"Hey, I'm going to grab some coffee. Do you want anything?","Hey, I'm gonna grab some coffee. Do you want anything?"
I'm just grabbing a coffee before heading to work.,Just vibing with a coffee before I bounce to work. 🚶‍♀️☕
"Hey, do you want to go grab some food later?","Yo, wanna yeet for some chow later? 🔥"
I'm really tired after this long day.,"I'm totally wiped after this mega long day, lol."
I'm going to grab a quick snack before heading out.,I'm gonna grab a quick snack before heading out.
"Hey, I'm going to grab some coffee before class.","Hey, I'm gonna grab some coffee before class."
I'm just really tired today and I can't focus.,"I'm mad exhausted today and I can't even focus, lol."
"Yeah, I think I'm going to stay in tonight and relax.","Yeah, I think I'm gonna stay in tonight and relax."
I'm really excited about the new movie that just came out.,I'm so hyped for the new flick just dropped!
I'm so tired because I didn't get enough sleep last night.,I'm so tired cuz I didn't get enough sleep last night.
"Hey, I'm feeling a bit tired today.","Yo, I'm kinda vibing low today."
I'm just really tired because I stayed up late last night.,I'm just really tired cuz I stayed up late last night.
I'm really tired right now and just want to relax at home.,I'm totally drained rn and just wanna chill at my place.
"Hey, I really like your outfit today!","Yo, your drip's looking fire today!"
I can't believe how nice the weather is today.,"No cap, the weather's mad chill today!"
"Hey, I really like that new song you played earlier.","Yo, that new track you dropped earlier is fire, no cap!"
"Hey, I saw my friend at the mall today.","Yo, I saw my homie at the mall today."
I'm really tired after running errands all day.,"I'm wiped after hustle all day, fr fr."
"Hey, did you see the new trailer for the movie?","Yo, have you peeped the new trailer for the flick?"
I'm feeling really tired after this long day.,I'm hella exhausted after this whole vibe of a day.
I'm just about to go get some coffee. Want to join?,I'm just about to go get some coffee. wanna join?
"I'm really hungry, want to grab some lunch?","I'm mad hungry, let's hit up some lunch fam!"
"Hey, did you watch the new episode of the show last night?","Yo, did you catch the new ep of the show yesterday? It's lit!"
I'll catch up with you later when I finish my homework.,"Yo, I'll dip soon after I finish my hw, ttyl!"
I'm really tired after such a long day at school.,"Bruh, I'm so drained after this crazy long school day."
"Hey, I just finished my homework and I'm all set for the weekend.","Yo, just wrapped up my homework, and I'm chillin' for the weekend!"
Did you finish your homework yet?,Have you peeped your homework yet?
I really like that new song you showed me last night.,"That new banger you played last night is fire, I'm obsessed."
I'm just really tired today after the long day at work.,"I'm so drained after this long grind at work, fr."
I'm going to grab a coffee before class.,I'm gonna grab a coffee before class.
"Hey, I just finished my homework and I might go hang out with my friends later.","Yo, just wrapped my homework and might dip to chill with my squad later."
"I'm just hanging out at the park, enjoying the sun.","I'm just vibing at the park, soaking up the sun."
I'm really excited for the party tonight!,I'm super hyped for the party tonight!
I can't believe I forgot my keys at home.,"No cap, I left my keys at home and just realized it now!"
"Hey, I really like your new haircut!","Yo, your new drip slaps!"
I'm just really tired today after a long day at work.,"I'm completely wiped after a crazy long day at work, fr."
I'm going to grab a coffee before heading to class.,I'm gonna grab a coffee before heading to class.
I'm really tired because I stayed up late studying.,I'm really tired cuz I stayed up late studying.
I'm just feeling really tired today and don't want to do anything.,I'm just feeling really tired today and don't wanna do anything.
I went to the grocery store to pick up some food.,I hit up the grocery to snag some snacks.
"I'm really tired today, so I might just stay in and relax.","I'm so drained today, might just chill at home and vibe."
I'm going to hang out with my friends at the park today.,I'm gonna hang out with my friends at the park today.
I think I need to take a break and relax for a bit.,"Bruh, I gotta vibe out and chill for a sec."
I'm thinking about going to the park later to relax and maybe grab some ice cream.,I'm thinking about gonna the park later to relax and maybe grab some ice cream.
I'm just going to grab a quick snack before I start my homework.,I'm just gonna grab a quick snack before I start my homework.
"Hey, I'm really tired today because I didn't sleep well last night.","Hey, I'm really tired today cuz I didn't sleep well last night."
I'm just tired and want to chill at home today.,I'm just tired and wanna chill at home today.
I'm just going to grab some coffee before school.,I'm just gonna grab some coffee before school.
I'm so excited for the concert tonight!,I'm hella stoked for the concert tonight!
"Hey, I saw a really cool hoodie at the store today.","Yo, I peeped a sick hoodie at the store today, fr fr."
I'm really excited about hanging out with my friends today.,I'm super hyped to chill with my squad today.
"Hey, I just got back from school and I'm really tired.","Yo, just hit home from school and I'm totally drained, fr."
I went to the coffee shop this morning to get my favorite latte.,I hit up the coffee spot this morning to snag my fave latte.
I'll see you at the coffee shop later.,"Catch you at the coffee spot later, fr."
I'm really happy that you came to the party yesterday.,I'm mad hyped you pulled up to the party yesterday!
"Hey, I think we should grab some coffee later.","Yo, let's snag some coffee later, fam."
I'm really tired today after staying up all night.,"I'm hella drained 'cause I stayed up all night, fr fr."
I'm just relaxing at home right now.,I'm just vibing at home rn.
I'm heading to the mall to grab some snacks with my friends.,I'm finna hit the mall with my crew to snag some snacks.
I'm just trying to get through the day without any drama.,"I'm just vibing through the day without any mess, no cap."
I'm just feeling really tired after a long day at work.,"I'm so wiped after a long shift, fr fr."
"Hey, do you want to hang out later after school?","Yo, wanna kick it after class?"
"Hey, I'm just going to grab some coffee before work.","Hey, I'm just gonna grab some coffee before work."
"Hey, I just saw that new movie everyone's talking about.","Yo, just peeped that new flick everyone's buzzing about!"
"Hey, I found a new cafe that's really nice to hang out in.","Yo, I copped a new spot that's mad chill to vibe at."
I'm feeling pretty tired today because I didn't get enough sleep.,I'm feeling pretty tired today cuz I didn't get enough sleep.
I'm just going to relax and watch some shows tonight.,I'm just gonna relax and watch some shows tonight.
I am really tired today because I didn't sleep well last night.,I'm really tired today cuz I didn't sleep well last night.
"Hey, do you want to grab something to eat together later?","Hey, do you wanna grab something to eat together later?"
"I'm really tired today, I just want to relax and do nothing.","I'm so drained today, just wanna chill and do nada."
I'm just trying to hang out with my friends this weekend.,I'm just tryna vibe with my squad this weekend.
I'm going to grab some coffee at the café.,I'm gonna grab some coffee at the café.
I'm just going to relax at home and watch some Netflix tonight.,I'm just gonna relax at home and watch some Netflix tonight.
I'm feeling pretty tired today after staying up late last night.,I'm hella drained today 'cause I stayed up all night smh.
I really like that new song you recommended to me.,"That new bop you dropped on me is lowkey fire, I'm obsessed!"
"Hey, I just finished my homework and I need a break.","Yo, just wrapped my homework and I need a chill sesh."
I just got back from shopping and I'm exhausted.,"Just hit the mall, and I'm wiped."
I'm just trying to finish my homework before going out with friends.,I'm just tryna wrap up my homework before vibing with friends.
I'm feeling pretty tired today after a long week.,"I'm totally drained after a wild long week, lol."
I'm just taking a walk in the park to relax.,I'm just vibing in the park to chill.
I'm going to grab some lunch with my friends this afternoon.,I'm gonna grab some lunch with my friends this afternoon.
"Hey, are you free this evening to hang out?","Yo, you chillin' tonight? Wanna link up?"
"Hey, I really like your new outfit!","Yo, your drip is fire, love it!"
I'm going to grab some coffee with my friend later today.,I'm gonna grab some coffee with my friend later today.
I was just chilling with my friends at the park.,I was just vibin' with my crew at the park.
I'm really tired and just want to stay home today.,I'm really tired and just wanna stay home today.
"Hey, I saw you at the park yesterday and you looked really happy.","Yo, saw u at the park yesterday, u looked vibing real hard."
I'm really tired after a long day and just want to relax.,I'm totally drained after a long day and just wanna chill.
I went to the park yesterday and saw a lot of people having fun.,I hit up the park yesterday and saw a bunch of peeps vibing and having a good time.
I'm thinking of grabbing some coffee before work.,"Gonna snag a coffee before clockin' in, lol."
I'm just going to grab some coffee and then go home and relax.,I'm just gonna grab some coffee and then go home and relax.
I'm just ready to relax and watch some movies tonight.,I'm just vibing to chill and binge some movies tonight.
I'm really tired after walking around the mall all afternoon.,"I'm so drained 'cause I spent the whole day roaming the mall, lol."
I'm just going to hang out with my friends tomorrow evening.,I'm just gonna hang out with my friends tomorrow evening.
I'm going to the supermarket to buy some snacks.,I'm gonna the supermarket to buy some snacks.
I'm going to grab some coffee with my friend this afternoon.,Gonna catch some coffee with my peep later.
"Hey, I just finished my homework and I'm so ready to chill now.","Yo, just wrapped my homework and I'm vibing to relax now."
I'm feeling really tired today because I stayed up late last night.,I'm feeling really tired today cuz I stayed up late last night.
"Hey, could you send me the notes from yesterday's meeting?","Yo, can you send me the deets from yesterday's meet? Thanks fam!"
"It's really hot outside today, so I think I'll stay indoors.","It's mad hot out today, so I'm just chillin' inside."
I'm just going to relax and watch some TV.,I'm just gonna relax and watch some TV.
I'm just going to relax and watch some TV now.,I'm just gonna relax and watch some TV now.
I think I should probably get some sleep now.,"Lowkey, I gotta dip and catch some Z's soon."
"Hey, did you see my new phone? It's pretty cool.","Yo, did you peep my new phone? It's mad sick."
"Hey, do you want to grab dinner after work?","Hey, do you wanna grab dinner after work?"
"Hey, do you want to go grab some coffee after work?","Yo, wanna hit up coffee after work? ✨"
I'm just feeling really tired today and don't want to go out.,"I'm hella drained today, I lowkey don't wanna step out."
That's amazing!,That's lit!
I'm not sure about that.,I'm lowkey unsure.
You only live once.,YOLO.
That's suspicious.,That's sus.
I'm so excited!,I'm so hype!
That's really good.,That's fire.
I'm going to sleep.,I'm gonna sleep.
What's going on?,What's the tea?
That's terrible.,That's trash.
Are you serious?,For real?
I don't understand.,I'm confused AF.
I'm very happy.,I'm stoked.
Let's hang out.,Let's chill.
You're so funny.,You're hilarious.
I'm really hungry.,I'm starving.
It's very cold.,It's freezing.
I'm very tired.,I'm exhausted.
This is difficult.,This is tough.
I'm very busy.,I'm swamped.
That's really strange.,That's weird.
I understand.,I get it.
I don't care.,I'm not bothered.
I agree.,I feel you.
You're really cool.,You're dope.
I'm very excited.,I'm pumped.
I'm angry.,I'm pissed.
I'm disappointed.,I'm bummed.
Let's leave.,Let's bounce.
Are you okay?,You good?
I'm really scared.,I'm shook.
That's embarrassing.,That's cringe.
It's amazing.,It's epic.
That's a big deal.,That's huge.
It's very funny.,It's hilarious.
I'm happy.,I'm chillin'.
That's great.,That's awesome.
Let's go.,Let's roll.
I'm surprised.,I'm shooketh.
It's very expensive.,It's boujee.
It's very cheap.,It's ratchet.
I'm excited.,I'm hyped.
That's very easy.,That's a breeze.
It's very hard.,It's tough.
I'm leaving.,I'm out.
I'm sorry.,My bad.
That's fantastic.,That's bomb.
I'm ready.,I'm set.
I'm worried.,I'm stressed.
It's very beautiful.,It's stunning.
I'm angry.,I'm mad.
It's very quiet.,It's dead silent.
That's really interesting.,That's intriguing.
I'm really bored.,I'm bored AF.
It's really boring.,It's a snoozefest.
It's very scary.,It's terrifying.
I'm in trouble.,I'm in deep.
That's very important.,That's crucial.
It's really bad.,It's awful.
I'm exhausted.,I'm beat.
That's very good.,That's fantastic.
It's very delicious.,It's yummy.
I'm very embarrassed.,I'm mortified.
That's very clever.,That's brilliant.
It's very simple.,It's basic.
That's very impressive.,That's mind-blowing.
It's very boring.,It's dull.
I'm very scared.,I'm petrified.
It's very funny.,It's a riot.
I'm very excited.,I'm thrilled.
I'm very angry.,I'm furious.
It's very quiet.,It's silent.
I'm very happy.,I'm elated.
It's very loud.,It's deafening.
I'm very surprised.,I'm astonished.
It's very hot.,It's scorching.
I'm very sad.,I'm heartbroken.
It's very cheap.,It's a steal.
I'm very hungry.,I'm famished.
It's very dark.,It's pitch-black.
I'm very tired.,I'm worn out.
It's very crowded.,It's packed.
I'm very sleepy.,I'm drowsy.
It's very old.,It's ancient.
I'm very late.,I'm running behind.
It's very small.,It's tiny.
It's very cold.,It's icy.
I'm very strong.,I'm mighty.
It's very beautiful.,It's breathtaking.
I'm very excited.,I'm ecstatic.
It's very clean.,It's spotless.
I'm very busy.,I'm slammed.
It's very dirty.,It's filthy.
I'm very scared.,I'm terrified.
It's very funny.,It's hysterical.
I'm very tired.,I'm drained.
It's very cheap.,It's dirt cheap.
I'm very hungry.,I'm ravenous.
It's very dark.,It's murky.
I'm very old.,I'm ancient.
It's very difficult.,It's grueling.
I'm very confused.,I'm perplexed.
It's very boring.,It's monotonous.
I'm very happy.,I'm jubilant.
It's very interesting.,It's fascinating.
I'm very tired.,I'm pooped.
It's very scary.,It's frightening.
I'm very sad.,I'm devastated.
It's very old.,It's antique.
I'm very excited.,I'm euphoric.
It's very quiet.,It's tranquil.
I'm very strong.,I'm powerful.
It's very expensive.,It's costly.
I'm very happy.,I'm overjoyed.
It's very hot.,It's sweltering.
I'm very tired.,I'm spent.
It's very cold.,It's frigid.
I'm very hungry.,I'm starving.
It's very boring.,It's tedious.
I'm very sad.,I'm sorrowful.
It's very old.,It's vintage.
I'm very excited.,I'm exhilarated.
It's very quiet.,It's serene.
I'm very strong.,I'm indomitable.
It's very cheap.,It's economical.
I'm very busy.,I'm overwhelmed.
It's very clean.,It's pristine.
I'm very scared.,I'm horrified.
It's very interesting.,It's captivating.
I'm very happy.,I'm joyous.
It's very funny.,It's comical.
I'm very tired.,I'm weary.
It's very cheap.,It's inexpensive.
It's very dark.,It's obscure.
